2.1400000000000006, 0.08999699999999677, -0.019997000000003595, 1.0599979999999931, 1-1-2007
1.9100040000000007, 1.0599979999999931, -0.7099999999999937, -0.1799999999999926, 1-2-2007
1.0399929999999955, -0.1799999999999926, 1.0800019999999932, 0.40000200000000063, 1-3-2007
1.1500020000000006, 0.40000200000000063, 0.1799999999999926, 0.9899979999999999, 1-4-2007
1.260002, 0.9899979999999999, -1.5699999999999932, 0.3899990000000031, 1-5-2007
1.120002999999997, 0.3899990000000031, 0.1100009999999969, -0.34999799999999937, 1-6-2007
1.4000020000000006, -0.34999799999999937, 0.3399959999999993, 0.34999799999999937, 1-7-2007
1.1900020000000069, 0.34999799999999937, 0.060006000000001336, 1.4199979999999925, 1-8-2007
1.5399929999999955, 1.4199979999999925, -0.1299979999999863, -0.6700050000000033, 1-9-2007
1.0, -0.6700050000000033, -0.2199939999999998, -0.3500060000000076, 1-10-2007
1.0399929999999955, -0.3500060000000076, -4.449996999999996, 1.1699980000000068, 1-11-2007
2.2999949999999956, 1.1699980000000068, 0.25, 0.6900029999999902, 1-12-2007
1.1099999999999994, 0.6900029999999902, -0.1999969999999962, 0.16999799999999254, 1-13-2007
1.1800000000000068, 0.16999799999999254, 0.0, 0.3200000000000074, 1-14-2007
1.0, 0.3200000000000074, -0.1800010000000043, 0.29000100000000373, 1-15-2007
0.6999970000000104, 0.29000100000000373, 0.009995000000003529, -0.07000000000000739, 1-16-2007
0.990005999999994, -0.07000000000000739, 0.25, 0.8400040000000075, 1-17-2007
1.2100070000000045, 0.8400040000000075, 0.02999899999998945, 0.8000030000000038, 1-18-2007
0.9499969999999962, 0.8000030000000038, -0.5699999999999932, 0.34999899999999684, 1-19-2007
1.130004999999997, 0.34999899999999684, -0.1800010000000043, 0.02999900000000366, 1-20-2007
1.2200010000000105, 0.02999900000000366, 0.09999799999999937, 0.07000000000000739, 2-1-2007
0.8500059999999934, 0.07000000000000739, 0.0, 1.2099989999999963, 2-2-2007
1.5400000000000063, 1.2099989999999963, -0.379997000000003, -0.15000200000000063, 2-3-2007
0.8600009999999969, -0.15000200000000063, -0.04999499999999557, -0.26000200000000007, 2-4-2007
1.239998, -0.26000200000000007, -0.6399990000000031, 0.7200009999999963, 2-5-2007
1.0899959999999993, 0.7200009999999963, -0.10000599999999338, -0.9699939999999998, 2-6-2007
1.889999000000003, -0.9699939999999998, 0.25, -0.22000100000001055, 2-7-2007
0.9799959999999999, -0.22000100000001055, 0.01999600000000612, -0.30999699999999564, 2-8-2007
0.9399949999999961, -0.30999699999999564, 0.20999899999999627, 0.6999969999999962, 2-9-2007
1.1800000000000068, 0.6999969999999962, -0.1399990000000031, -0.13999999999998636, 2-10-2007
1.0399940000000072, -0.13999999999998636, 0.20000499999999022, -0.13000499999999704, 2-11-2007
0.620002999999997, -0.13000499999999704, -0.32999399999999923, 0.6899939999999987, 2-12-2007
0.9099959999999925, 0.6899939999999987, -0.44999599999999873, 0.18999399999999866, 2-13-2007
0.6700060000000008, 0.18999399999999866, -0.2899929999999955, -0.3000030000000038, 2-14-2007
1.7300029999999964, -0.3000030000000038, -0.09999799999999937, -0.6699990000000042, 2-15-2007
1.0299980000000062, -0.6699990000000042, 0.1299980000000005, -0.9499969999999962, 2-16-2007
1.4000020000000006, -0.9499969999999962, -0.9100040000000007, -2.0400010000000037, 2-17-2007
3.130004999999997, -2.0400010000000037, -0.25, -0.7699969999999894, 2-18-2007
1.619995000000003, -0.7699969999999894, -2.690002000000007, 2.0199970000000036, 2-19-2007
4.280006, 2.0199970000000036, -0.2699970000000036, -1.0999979999999994, 3-1-2007
1.5300069999999977, -1.0999979999999994, -0.6500020000000006, 1.5599979999999931, 3-2-2007
2.0500040000000013, 1.5599979999999931, 0.5900040000000075, 1.4000010000000032, 3-3-2007
1.629997000000003, 1.4000010000000032, 0.16999799999999254, -0.02999899999998945, 3-4-2007
1.2299950000000024, -0.02999899999998945, 0.5599979999999931, -1.5, 3-5-2007
2.3000029999999896, -1.5, 0.4800029999999964, -0.20000399999999274, 3-6-2007
1.1800000000000068, -0.20000399999999274, 0.010002000000000066, 0.8199999999999932, 3-7-2007
1.1999970000000104, 0.8199999999999932, -0.25, -1.1500020000000006, 3-8-2007
1.8499979999999994, -1.1500020000000006, -0.05999699999999564, 1.1099999999999994, 3-9-2007
1.9300010000000043, 1.1099999999999994, -0.35999999999999943, 0.04999499999999557, 3-10-2007
0.870002999999997, 0.04999499999999557, 1.0, -1.1999969999999962, 3-11-2007
1.4299999999999926, -1.1999969999999962, 0.6999969999999962, 0.04000100000000373, 3-12-2007
0.9300009999999901, 0.04000100000000373, 0.010002000000000066, 0.5, 3-13-2007
0.9799959999999999, 0.5, 0.0, 0.8600009999999969, 3-14-2007
1.9799959999999999, 0.8600009999999969, -0.26000299999999754, 0.09000400000000752, 3-15-2007
0.7900000000000063, 0.09000400000000752, -0.3700020000000137, 0.20999900000001048, 3-16-2007
0.5699989999999957, 0.20999900000001048, -0.02999900000000366, 0.0, 3-17-2007
0.9300000000000068, 0.0, -0.29000100000000373, 0.020004000000000133, 3-18-2007
0.8300020000000075, 0.020004000000000133, -0.8300009999999958, 0.35999999999999943, 3-19-2007
1.2199939999999998, 0.35999999999999943, 0.40000200000000063, -0.09000400000000752, 3-20-2007
1.1500020000000006, -0.09000400000000752, -0.33000199999999325, 0.020004000000000133, 3-21-2007
1.1800000000000068, 0.020004000000000133, 0.25, 0.6999969999999962, 3-22-2007
1.4400020000000069, 0.6999969999999962, 0.23999799999999993, 0.6500010000000032, 4-1-2007
0.9000010000000032, 0.6500010000000032, -0.29999499999999557, 0.4099959999999925, 4-2-2007
0.879997000000003, 0.4099959999999925, -0.22999599999999987, 0.5399940000000072, 4-3-2007
1.0, 0.5399940000000072, -0.08999699999999677, 0.19000299999999015, 4-4-2007
0.8199990000000099, 0.19000299999999015, -0.22000099999999634, 0.05999699999999564, 4-5-2007
0.6399990000000031, 0.05999699999999564, 0.050003000000003794, -1.3499979999999994, 4-6-2007
1.75, -1.3499979999999994, -0.13000499999999704, 0.6399990000000031, 4-7-2007
1.2900009999999895, 0.6399990000000031, 0.08000199999999325, -0.8199999999999932, 4-8-2007
1.1600040000000007, -0.8199999999999932, 0.05999799999999311, 1.1900020000000069, 4-9-2007
1.5800020000000075, 1.1900020000000069, 0.12000299999999697, 0.8199999999999932, 4-10-2007
1.640006999999997, 0.8199999999999932, -2.319999999999993, 0.0, 4-11-2007
1.510002, 0.0, -0.3000030000000038, -0.20999899999999627, 4-12-2007
0.870002999999997, -0.20999899999999627, 0.7299959999999999, -0.43999500000001035, 4-13-2007
1.239998, -0.43999500000001035, 0.5800020000000075, 0.04999499999999557, 4-14-2007
0.6799999999999926, 0.04999499999999557, 2.020004, 1.2599950000000035, 4-15-2007
2.6699990000000042, 1.2599950000000035, 0.25, 2.7200009999999963, 4-16-2007
2.969994, 2.7200009999999963, -0.45999899999999627, -0.09999799999999937, 4-17-2007
1.2900010000000037, -0.09999799999999937, -0.5999989999999968, 0.869995000000003, 4-18-2007
1.1100000000000136, 0.869995000000003, -0.05999700000000985, 1.0999979999999994, 4-19-2007
2.0299990000000037, 1.0999979999999994, -0.15000100000000316, 1.1100000000000136, 4-20-2007
1.119995000000003, 1.1100000000000136, -0.36999500000000296, -0.5800020000000075, 5-1-2007
1.010002, -0.5800020000000075, -0.47000099999999634, 1.0500030000000038, 5-2-2007
1.6500020000000006, 1.0500030000000038, -0.050003000000003794, 0.20999899999999627, 5-3-2007
0.7799990000000037, 0.20999899999999627, -0.1999969999999962, 0.40000200000000063, 5-4-2007
0.7699960000000061, 0.40000200000000063, -0.740005999999994, 0.870002999999997, 5-5-2007
1.1800000000000068, 0.870002999999997, 0.6399990000000031, 0.4499969999999962, 5-6-2007
1.0500030000000038, 0.4499969999999962, -0.5599970000000098, 0.8600000000000136, 5-7-2007
1.4000020000000006, 0.8600000000000136, 0.010002000000000066, 1.2900009999999895, 5-8-2007
1.3199999999999932, 1.2900009999999895, -0.1700050000000033, -0.23999799999999993, 5-9-2007
1.4599989999999963, -0.23999799999999993, -0.16999799999999254, -0.5700000000000074, 5-10-2007
1.1000060000000076, -0.5700000000000074, 0.2699960000000061, 0.7700049999999976, 5-11-2007
1.3599999999999994, 0.7700049999999976, -0.26000200000000007, -0.3000030000000038, 5-12-2007
1.5, -0.3000030000000038, 0.5299980000000062, 2.1500020000000006, 5-13-2007
2.4500050000000044, 2.1500020000000006, -0.3199999999999932, -0.629997000000003, 5-14-2007
1.129997000000003, -0.629997000000003, -0.09000400000000752, -0.25, 5-15-2007
1.239998, -0.25, 0.10000600000000759, -1.2200010000000105, 5-16-2007
1.75, -1.2200010000000105, -0.13000499999999704, -1.5, 5-17-2007
2.4100030000000032, -1.5, -0.04999499999999557, 1.2799980000000062, 5-18-2007
1.5800020000000075, 1.2799980000000062, 0.38999999999998636, 0.3400040000000075, 5-19-2007
1.3299939999999992, 0.3400040000000075, -0.5100020000000001, 1.5299980000000062, 5-20-2007
1.889999000000003, 1.5299980000000062, 0.33000199999999325, -0.6600040000000007, 5-21-2007
1.6699980000000068, -0.6600040000000007, 0.020004999999997608, -0.08000199999999325, 5-22-2007
1.2200009999999963, -0.08000199999999325, -0.04000100000000373, -0.2699970000000036, 6-1-2007
1.009994000000006, -0.2699970000000036, 0.3200000000000074, -0.7100070000000045, 6-2-2007
1.010002, -0.7100070000000045, -0.3399959999999993, -3.0899959999999993, 6-3-2007
3.120002999999997, -3.0899959999999993, 0.04999499999999557, -0.6599959999999925, 6-4-2007
1.6100000000000136, -0.6599959999999925, 0.0, 1.2699969999999894, 6-5-2007
1.4599989999999963, 1.2699969999999894, -0.1999969999999962, 0.34999799999999937, 6-6-2007
1.5, 0.34999799999999937, -0.10999999999999943, -0.7700049999999976, 6-7-2007
1.0299980000000062, -0.7700049999999976, 0.5100020000000001, 0.2700049999999976, 6-8-2007
1.1600040000000007, 0.2700049999999976, -0.020004999999997608, 0.75, 6-9-2007
1.4300000000000068, 0.75, 0.370002999999997, 0.869995000000003, 6-10-2007
1.3100050000000039, 0.869995000000003, 0.1800010000000043, 0.06000499999998965, 6-11-2007
0.7600029999999975, 0.06000499999998965, -0.4000019999999864, 1.5699999999999932, 6-12-2007
1.760002, 1.5699999999999932, 0.0, -0.5, 6-13-2007
1.0700000000000074, -0.5, -0.2300029999999964, 0.8300009999999958, 6-14-2007
1.389999000000003, 0.8300009999999958, -0.6399990000000031, -1.5199969999999894, 6-15-2007
2.0, -1.5199969999999894, 0.2900009999999895, 0.36999500000000296, 6-16-2007
1.2699970000000036, 0.36999500000000296, 0.0, 0.23000399999999388, 6-17-2007
1.239998, 0.23000399999999388, -0.5800019999999932, 0.6800000000000068, 6-18-2007
1.0699989999999957, 0.6800000000000068, 0.08999699999999677, 0.4299999999999926, 6-19-2007
1.6999970000000104, 0.4299999999999926, 0.010002000000000066, -0.7099989999999963, 6-20-2007
2.480003999999994, -0.7099989999999963, 0.1399990000000031, -0.379997000000003, 6-21-2007
1.2200010000000105, -0.379997000000003, 0.48999799999999993, 1.0800019999999932, 7-1-2007
1.8400039999999933, 1.0800019999999932, -0.27000400000000013, 1.7400050000000107, 7-2-2007
2.4099960000000067, 1.7400050000000107, -0.26000200000000007, 1.239998, 7-3-2007
2.0, 1.239998, -0.29999600000000726, 0.23999799999999993, 7-4-2007
1.1500010000000032, 0.23999799999999993, -0.41999799999999254, 0.07999399999999923, 7-5-2007
0.9000020000000006, 0.07999399999999923, -0.32999399999999923, 0.7999949999999956, 7-6-2007
1.3499979999999994, 0.7999949999999956, 0.25, -0.0699989999999957, 7-7-2007
1.4300010000000043, -0.0699989999999957, -0.5299990000000037, -0.15000200000000063, 7-8-2007
1.0999989999999968, -0.15000200000000063, -0.029998000000006186, 1.0900040000000075, 7-9-2007
1.620002999999997, 1.0900040000000075, 0.0, 1.109993000000003, 7-10-2007
2.020004, 1.109993000000003, -0.5199970000000036, 0.8300019999999932, 7-11-2007
1.8399959999999993, 0.8300019999999932, 3.9199980000000068, 0.8600009999999969, 7-12-2007
1.8300009999999958, 0.8600009999999969, -1.0100029999999975, -0.04000000000000625, 7-13-2007
1.91999899999999, -0.04000000000000625, 0.06999900000000991, 1.5, 7-14-2007
1.5800020000000075, 1.5, -1.0599970000000098, 0.8499980000000136, 7-15-2007
1.9800029999999964, 0.8499980000000136, 0.020004000000000133, 1.9099959999999925, 7-16-2007
3.139999000000003, 1.9099959999999925, -1.0899959999999993, -0.4800029999999964, 7-17-2007
3.3000029999999896, -0.4800029999999964, 0.09000399999999331, -1.0, 7-18-2007
2.3299939999999992, -1.0, -0.620002999999997, -0.4800029999999964, 7-19-2007
2.2300029999999964, -0.4800029999999964, 0.20000399999999274, -4.069998999999996, 7-20-2007
4.700003999999993, -4.069998999999996, -0.26000299999999754, 1.6500020000000006, 7-21-2007
2.6700050000000033, 1.6500020000000006, 0.05999699999999564, 1.130004999999997, 8-1-2007
2.550003000000004, 1.130004999999997, 0.009995000000003529, -1.3499989999999968, 8-2-2007
2.4800030000000106, -1.3499989999999968, 0.08000199999999325, 1.9199980000000068, 8-3-2007
2.190002000000007, 1.9199980000000068, -0.8700019999999995, 0.5100020000000001, 8-4-2007
1.9199980000000068, 0.5100020000000001, 0.7700040000000001, -1.3200000000000074, 8-5-2007
2.3399959999999993, -1.3200000000000074, -2.210005999999993, -0.03999400000000719, 8-6-2007
3.7599950000000035, -0.03999400000000719, -0.9800029999999964, 2.889999000000003, 8-7-2007
3.800003000000004, 2.889999000000003, 0.34999899999999684, -0.27999900000000366, 8-8-2007
1.639999000000003, -0.27999900000000366, 0.12000299999999697, -0.7799989999999895, 8-9-2007
1.4100040000000007, -0.7799989999999895, -1.0500030000000038, 0.2300029999999964, 8-10-2007
2.9399939999999987, 0.2300029999999964, -0.25, -1.2900009999999895, 8-11-2007
7.7200010000000105, -1.2900009999999895, 2.18000099999999, -0.9700009999999963, 8-12-2007
4.009994000000006, -0.9700009999999963, 0.0, -1.6800010000000043, 8-13-2007
1.9700009999999963, -1.6800010000000043, -0.3199989999999957, 0.1399990000000031, 8-14-2007
2.0299990000000037, 0.1399990000000031, 1.0499949999999956, -0.0899959999999993, 8-15-2007
1.3499979999999994, -0.0899959999999993, 0.40000200000000063, 1.0499949999999956, 8-16-2007
1.6699980000000068, 1.0499949999999956, 0.0, 1.7900010000000037, 8-17-2007
2.440002000000007, 1.7900010000000037, -0.23999799999999993, 0.4400020000000069, 8-18-2007
1.0499949999999956, 0.4400020000000069, -0.5400000000000063, -0.9000020000000006, 8-19-2007
1.9599989999999963, -0.9000020000000006, 0.879997000000003, 1.6900029999999902, 8-20-2007
2.9100030000000032, 1.6900029999999902, -0.9499969999999962, 1.75, 8-21-2007
2.379997000000003, 1.75, 0.619995000000003, 0.700004000000007, 8-22-2007
1.7999949999999956, 0.700004000000007, -0.3500060000000076, 1.8500060000000076, 8-23-2007
2.7399970000000025, 1.8500060000000076, -0.7099990000000105, 0.3999940000000066, 9-1-2007
1.5999989999999968, 0.3999940000000066, 0.04000100000000373, -0.2999950000000098, 9-2-2007
2.510002, -0.2999950000000098, -1.4200060000000008, -0.6499939999999924, 9-3-2007
1.639999000000003, -0.6499939999999924, 0.5999989999999968, -0.34999899999999684, 9-4-2007
2.180000000000007, -0.34999899999999684, 0.5499949999999956, 1.0, 9-5-2007
1.739998, 1.0, -0.40000100000000316, -0.9499969999999962, 9-6-2007
1.7099999999999937, -0.9499969999999962, 0.3000030000000038, -0.3500060000000076, 9-7-2007
1.260002, -0.3500060000000076, -0.8999939999999924, 0.07999399999999923, 9-8-2007
1.3499979999999994, 0.07999399999999923, -0.4300000000000068, -0.1799999999999926, 9-9-2007
0.9499969999999962, -0.1799999999999926, 0.4800029999999964, 1.629997000000003, 9-10-2007
1.9499970000000104, 1.629997000000003, 0.2700049999999976, -0.23000399999999388, 9-11-2007
1.4100030000000032, -0.23000399999999388, -0.40000100000000316, 0.5900039999999933, 9-12-2007
1.4500050000000044, 0.5900039999999933, 1.0299980000000062, -1.1099999999999994, 9-13-2007
1.75, -1.1099999999999994, 0.12000299999999697, -0.6500020000000006, 9-14-2007
1.5800020000000075, -0.6500020000000006, -0.2300029999999964, 0.49000499999999647, 9-15-2007
1.7999949999999956, 0.49000499999999647, 0.4300000000000068, 0.3600009999999969, 9-16-2007
1.3300019999999932, 0.3600009999999969, 0.1999969999999962, 0.20999899999999627, 9-17-2007
1.1699979999999925, 0.20999899999999627, -0.5699999999999932, 0.6600040000000007, 9-18-2007
1.4000020000000006, 0.6600040000000007, -0.1900020000000069, 1.4199980000000068, 9-19-2007
2.0, 1.4199980000000068, 0.27999899999998945, -0.9499969999999962, 10-1-2007
1.4599989999999963, -0.9499969999999962, -0.7099989999999963, -1.25, 10-2-2007
1.5599969999999956, -1.25, -0.20000500000000443, -0.5099949999999893, 10-3-2007
1.75, -0.5099949999999893, 0.47999599999999987, 0.13000499999999704, 10-4-2007
1.239998, 0.13000499999999704, -0.20000500000000443, 1.6699990000000042, 10-5-2007
2.3500059999999934, 1.6699990000000042, 0.08000099999999577, 0.45000500000000443, 10-6-2007
2.0800019999999932, 0.45000500000000443, -0.3000030000000038, 0.620002999999997, 10-7-2007
1.120002999999997, 0.620002999999997, 0.36999500000000296, -0.9399949999999961, 10-8-2007
4.089995999999999, -0.9399949999999961, 0.4499969999999962, -0.6900020000000069, 10-9-2007
1.6099999999999994, -0.6900020000000069, 0.1399990000000031, 0.08000200000000746, 10-10-2007
1.620002999999997, 0.08000200000000746, -0.010002000000000066, 1.5800009999999958, 10-11-2007
2.440002000000007, 1.5800009999999958, -1.5899959999999993, -2.2300029999999964, 10-12-2007
3.8599999999999994, -2.2300029999999964, -0.9599990000000105, -0.019996999999989384, 10-13-2007
1.9700019999999938, -0.019996999999989384, -0.8200000000000074, -1.7000039999999927, 10-14-2007
3.129997000000003, -1.7000039999999927, -1.3099980000000073, 2.4000020000000006, 10-15-2007
2.9199980000000068, 2.4000020000000006, 0.4099960000000067, 0.9000010000000032, 10-16-2007
1.3000030000000038, 0.9000010000000032, -0.4800030000000106, -1.25, 10-17-2007
2.7699969999999894, -1.25, 0.370002999999997, -0.5100020000000001, 10-18-2007
2.7099999999999937, -0.5100020000000001, 0.1900020000000069, 0.7300029999999964, 10-19-2007
1.9300000000000068, 0.7300029999999964, 0.16999900000000423, 0.9000010000000032, 10-20-2007
1.1600040000000007, 0.9000010000000032, -0.3000030000000038, -0.379997000000003, 10-21-2007
1.1500020000000006, -0.379997000000003, 0.629997000000003, 1.370002999999997, 10-22-2007
2.9700009999999963, 1.370002999999997, -0.620002999999997, -1.8499979999999994, 10-23-2007
2.769996000000006, -1.8499979999999994, 0.7699960000000061, 0.16999799999999254, 11-1-2007
1.5800020000000075, 0.16999799999999254, 0.5200049999999976, -1.7099989999999963, 11-2-2007
2.2799990000000037, -1.7099989999999963, 0.0899959999999993, -0.3199999999999932, 11-3-2007
2.2799989999999895, -0.3199999999999932, 0.38999999999998636, -2.479996, 11-4-2007
2.7399970000000025, -2.479996, -5.429999999999993, 0.45999899999999627, 11-5-2007
6.330001999999993, 0.45999899999999627, -1.1900029999999902, -4.669998000000007, 11-6-2007
5.650001000000003, -4.669998000000007, 1.639999000000003, -0.4400020000000069, 11-7-2007
3.4900050000000107, -0.4400020000000069, 1.2800060000000002, 2.539994000000007, 11-8-2007
3.239998, 2.539994000000007, 0.8500059999999934, -2.68000099999999, 11-9-2007
3.5800020000000075, -2.68000099999999, -0.20000400000000695, 0.35999999999999943, 11-10-2007
2.5899959999999993, 0.35999999999999943, 0.9100040000000007, 0.27999900000000366, 11-11-2007
1.75, 0.27999900000000366, -0.45000500000000443, -2.119995000000003, 11-12-2007
4.050003000000004, -2.119995000000003, 0.36999500000000296, 0.8300020000000075, 11-13-2007
3.5900039999999933, 0.8300020000000075, -2.009994000000006, 0.8099969999999956, 11-14-2007
2.6799919999999986, 0.8099969999999956, 0.879997000000003, 0.9500050000000044, 11-15-2007
1.81999900000001, 0.9500050000000044, 0.20999899999999627, -2.2900010000000037, 11-16-2007
3.4300010000000043, -2.2900010000000037, 0.7299959999999999, 1.130004999999997, 11-17-2007
3.0800019999999932, 1.130004999999997, 0.9899979999999999, 2.550003000000004, 11-18-2007
3.9099960000000067, 2.550003000000004, -0.13000499999999704, 0.26000200000000007, 11-19-2007
1.620002999999997, 0.26000200000000007, 1.0699999999999932, -3.3899999999999864, 11-20-2007
5.260002, -3.3899999999999864, 0.370002999999997, 0.27999899999998945, 11-21-2007
2.55999700000001, 0.27999899999998945, -0.41999799999999254, 1.2199930000000023, 12-1-2007
2.6999970000000104, 1.2199930000000023, 1.2000049999999902, 0.33000200000000746, 12-2-2007
1.5399940000000072, 0.33000200000000746, -0.1600040000000007, 1.6999969999999962, 12-3-2007
2.069999999999993, 1.6999969999999962, -0.019996999999989384, -0.8199990000000099, 12-4-2007
2.050003000000004, -0.8199990000000099, 0.5199960000000061, 0.010002000000000066, 12-5-2007
1.260002, 0.010002000000000066, -0.050003000000003794, -2.3499979999999994, 12-6-2007
3.9400030000000044, -2.3499979999999994, 2.180000000000007, -0.6999970000000104, 12-7-2007
2.819999999999993, -0.6999970000000104, -0.47000099999999634, 0.18000000000000682, 12-8-2007
1.6999969999999962, 0.18000000000000682, -0.8700020000000137, -1.5400009999999895, 12-9-2007
3.4599999999999937, -1.5400009999999895, -0.3999940000000066, -0.8400039999999933, 12-10-2007
1.989998, -0.8400039999999933, 0.5500029999999896, 1.2299959999999999, 12-11-2007
2.8400039999999933, 1.2299959999999999, 0.23000300000001062, 0.5999979999999994, 12-12-2007
2.509994000000006, 0.5999979999999994, 0.6400000000000006, 1.0599969999999956, 12-13-2007
1.879997000000003, 1.0599969999999956, 1.0600060000000013, 1.1500010000000032, 12-14-2007
2.010002, 1.1500010000000032, 0.1499939999999924, 0.45000500000000443, 12-15-2007
1.4499969999999962, 0.45000500000000443, -0.75, 0.6599959999999925, 12-16-2007
1.2900000000000063, 0.6599959999999925, -1.0299989999999895, -0.9300010000000043, 12-17-2007
1.8100050000000039, -0.9300010000000043, 1.1600040000000007, -0.6700060000000008, 12-18-2007
1.6500010000000032, -0.6700060000000008, -0.5799939999999992, -1.4100040000000007, 12-19-2007
4.819999999999993, -4.299995999999993, 0.13999999999998636, 0.07000000000000739, 1-1-2008
1.5899969999999968, 0.07000000000000739, -0.9500050000000044, -2.819999999999993, 1-2-2008
3.469994, -2.819999999999993, -0.879997000000003, -0.1999969999999962, 1-3-2008
1.9700009999999963, -0.1999969999999962, 0.0, -2.4600070000000045, 1-4-2008
3.2099989999999963, -2.4600070000000045, 0.17000600000000077, 0.549995999999993, 1-5-2008
1.989998, 0.549995999999993, -0.91999899999999, 2.5299990000000037, 1-6-2008
3.7099989999999963, 2.5299990000000037, -0.7200010000000105, -1.5299989999999895, 1-7-2008
2.4199979999999925, -1.5299989999999895, 7.340003999999993, -2.0800019999999932, 1-8-2008
4.259994000000006, -2.0800019999999932, -0.9000010000000032, -0.19999700000001042, 1-9-2008
3.4099960000000067, -0.19999700000001042, -1.6900029999999902, 1.489998, 1-10-2008
2.720001999999994, 1.489998, 0.370002999999997, -0.9000020000000006, 1-11-2008
3.3999939999999924, -0.9000020000000006, 5.620002999999997, -3.3199989999999957, 1-12-2008
4.220000999999996, -3.3199989999999957, -4.849998999999997, 2.6699979999999925, 1-13-2008
4.5399929999999955, 2.6699979999999925, -1.5900039999999933, 6.470000999999996, 1-14-2008
7.839995999999999, 6.470000999999996, 0.27999900000000366, 0.5300069999999977, 1-15-2008
2.8300019999999932, 0.5300069999999977, 0.879997000000003, -3.270004, 1-16-2008
3.6900030000000044, -3.270004, -0.07999499999999671, 0.5400009999999895, 1-17-2008
1.9399950000000104, 0.5400009999999895, 0.5199970000000036, 0.5999979999999994, 1-18-2008
2.2000050000000044, 0.5999979999999994, -0.25, -0.19999599999999873, 1-19-2008
2.7900010000000037, -0.19999599999999873, -1.4400030000000044, 2.9000020000000006, 1-20-2008
4.270004, 2.9000020000000006, 0.050003000000003794, 1.9199979999999925, 1-21-2008
3.5400010000000037, 1.9199979999999925, -0.4100039999999865, -0.7399979999999999, 2-1-2008
1.7699970000000036, -0.7399979999999999, -0.8700020000000137, -2.0400009999999895, 2-2-2008
3.370002999999997, -2.0400009999999895, 0.0300060000000002, -1.4600070000000045, 2-3-2008
2.9099960000000067, -1.4600070000000045, -0.6999969999999962, -0.5500030000000038, 2-4-2008
3.4000020000000006, -0.5500030000000038, -0.1499939999999924, 1.0799949999999967, 2-5-2008
1.5999980000000136, 1.0799949999999967, -0.2199939999999998, 2.0899959999999993, 2-6-2008
2.680000000000007, 2.0899959999999993, 0.020004999999997608, 1.369995000000003, 2-7-2008
2.630004999999997, 1.369995000000003, 0.5999979999999994, 1.2900010000000037, 2-8-2008
2.129997000000003, 1.2900010000000037, -0.47999599999999987, -1.8100050000000039, 2-9-2008
3.0, -1.8100050000000039, -0.8599999999999994, 0.8900069999999971, 2-10-2008
1.25, 0.8900069999999971, 0.7799980000000062, -1.9400020000000069, 2-11-2008
2.980003999999994, -1.9400020000000069, 0.4300000000000068, 2.4199979999999925, 2-12-2008
3.6799999999999926, 2.4199979999999925, 0.25, -1.1699979999999925, 2-13-2008
3.1699979999999925, -1.1699979999999925, 0.20999899999999627, 0.9300009999999901, 2-14-2008
2.770004, 0.9300009999999901, -0.6399999999999864, 2.6500019999999864, 2-15-2008
2.8899999999999864, 2.6500019999999864, -0.5600049999999896, 4.859999999999999, 2-16-2008
5.939994999999996, 4.859999999999999, -0.5400010000000037, 2.620002999999997, 2-17-2008
3.7199930000000023, 2.620002999999997, -0.8600009999999969, -0.35999999999999943, 2-18-2008
1.3400040000000075, -0.35999999999999943, -1.1999969999999962, -0.18000000000000682, 2-19-2008
1.7900010000000037, -0.18000000000000682, 0.0, 0.3700019999999995, 2-20-2008
1.3299949999999967, 0.3700019999999995, -0.8300009999999958, 2.3099969999999956, 3-1-2008
2.9700009999999963, 2.3099969999999956, 0.7000050000000044, -1.0200049999999976, 3-2-2008
2.1600040000000007, -1.0200049999999976, -0.33000100000001, -2.5400009999999895, 3-3-2008
2.9000020000000006, -2.5400009999999895, -0.6699990000000042, 2.0900040000000075, 3-4-2008
2.949996999999996, 2.0900040000000075, -0.8199990000000099, 0.8899990000000031, 3-5-2008
2.869995000000003, 0.8899990000000031, 1.7900010000000037, 0.6899949999999961, 3-6-2008
2.5199969999999894, 0.6899949999999961, -0.049995999999993046, 0.6299979999999863, 3-7-2008
2.889999000000003, 0.6299979999999863, -1.3799979999999863, 0.2200019999999938, 3-8-2008
3.1400000000000006, 0.2200019999999938, 0.15999599999999248, -0.8399969999999968, 3-9-2008
3.8299949999999967, -0.8399969999999968, -2.2300029999999964, 2.550003000000004, 3-10-2008
4.040001000000004, 2.550003000000004, 1.0499949999999956, 1.8100060000000013, 3-11-2008
4.620002000000014, 1.8100060000000013, -0.12000299999999697, -1.3499989999999968, 3-12-2008
1.8499979999999994, -1.3499989999999968, 0.1499939999999924, 1.240005999999994, 3-13-2008
1.8300009999999958, 1.240005999999994, 0.23999799999999993, 0.48999799999999993, 3-14-2008
1.6600040000000007, 0.48999799999999993, 0.04000000000000625, -1.129997000000003, 3-15-2008
1.9499959999999987, -1.129997000000003, -0.38000499999999704, -0.6799919999999986, 3-16-2008
3.010002, -0.6799919999999986, -0.8900069999999971, -0.5, 3-17-2008
1.6899949999999961, -0.5, 0.3400039999999933, -1.2900010000000037, 3-18-2008
2.5400010000000037, -1.2900010000000037, -0.41999799999999254, 0.9899970000000025, 3-19-2008
2.5300069999999977, 0.9899970000000025, 0.05999799999999311, 1.2900010000000037, 3-20-2008
3.4000020000000006, 1.2900010000000037, 0.34999799999999937, -2.029998000000006, 4-1-2008
2.8999940000000066, -2.029998000000006, -0.45999999999999375, 1.6699990000000042, 4-2-2008
2.9599989999999963, 1.6699990000000042, 0.0300060000000002, -0.29000100000000373, 4-3-2008
1.9800039999999939, -0.29000100000000373, 0.6100009999999969, -0.06000500000000386, 4-4-2008
1.5500030000000038, -0.06000500000000386, -0.5899969999999968, 0.5499960000000073, 4-5-2008
1.5999979999999994, 0.5499960000000073, 0.2300029999999964, 0.2699970000000036, 4-6-2008
2.0, 0.2699970000000036, 0.16000300000000323, 1.8499989999999968, 4-7-2008
2.3400039999999933, 1.8499989999999968, -1.4700010000000105, -1.3099979999999931, 4-8-2008
2.2900010000000037, -1.3099979999999931, 0.1999969999999962, 1.0800020000000075, 4-9-2008
1.9900050000000107, 1.0800020000000075, -0.1800010000000043, 0.07000000000000739, 4-10-2008
2.129997000000003, 0.07000000000000739, 0.9800039999999939, 2.3199989999999957, 4-11-2008
3.3000029999999896, 2.3199989999999957, 1.9199980000000068, 0.6900029999999902, 4-12-2008
3.020004, 0.6900029999999902, 0.8399960000000135, 0.4800039999999939, 4-13-2008
1.8499979999999994, 0.4800039999999939, -0.7799990000000037, 0.7299950000000024, 4-14-2008
2.4599989999999963, 0.7299950000000024, -0.4799950000000024, -0.20000499999999022, 4-15-2008
1.3399959999999993, -0.20000499999999022, 0.020004000000000133, -0.09000400000000752, 4-16-2008
2.1400000000000006, -0.09000400000000752, -0.22000099999999634, 0.8100050000000039, 4-17-2008
2.1699990000000042, 0.8100050000000039, 0.3099979999999931, -1.4199980000000068, 4-18-2008
2.440002000000007, -1.4199980000000068, -0.47000099999999634, -0.91999899999999, 4-19-2008
1.4100040000000007, -0.91999899999999, 0.34999899999999684, 0.8099969999999956, 4-20-2008
1.1599959999999925, 0.8099969999999956, 0.48999799999999993, -2.639999000000003, 4-21-2008
3.0, -2.639999000000003, 0.3600009999999969, 2.550003000000004, 4-22-2008
3.3700020000000137, 2.550003000000004, -0.3099979999999931, -0.12000299999999697, 5-1-2008
2.239998, -0.12000299999999697, -0.8899990000000031, -0.26000200000000007, 5-2-2008
1.510002, -0.26000200000000007, -0.5299990000000037, 1.3199999999999932, 5-3-2008
2.5599969999999956, 1.3199999999999932, -0.04000099999998952, 1.3599999999999994, 5-4-2008
2.5699989999999957, 1.3599999999999994, 0.05999799999999311, 0.7200010000000105, 5-5-2008
1.4700010000000105, 0.7200010000000105, -0.5499950000000098, -0.31000500000000386, 5-6-2008
1.0200049999999976, -0.31000500000000386, -0.23999799999999993, 1.4199980000000068, 5-7-2008
2.430000000000007, 1.4199980000000068, -0.11999500000000296, 1.4599989999999963, 5-8-2008
1.6699979999999925, 1.4599989999999963, -0.06000499999998965, 1.0, 5-9-2008
2.6300050000000113, 1.0, -0.18999500000001035, 1.130004999999997, 5-10-2008
1.7799909999999954, 1.130004999999997, 0.0, -0.6400069999999971, 5-11-2008
1.679992999999996, -0.6400069999999971, -0.13999999999998636, -1.1900020000000069, 5-12-2008
2.1600039999999865, -1.1900020000000069, -0.43999499999999614, -0.870002999999997, 5-13-2008
1.6000060000000076, -0.870002999999997, -0.12999700000000303, -1.4300000000000068, 5-14-2008
3.380004999999997, -1.4300000000000068, -0.06999999999999318, 1.1499939999999924, 5-15-2008
1.7999949999999956, 1.1499939999999924, -0.34999899999999684, -0.15000100000000316, 5-16-2008
1.140006999999997, -0.15000100000000316, -0.18999499999999614, 3.309997999999993, 5-17-2008
3.379997000000003, 3.309997999999993, 0.18000000000000682, 2.0399930000000097, 5-18-2008
2.54999500000001, 2.0399930000000097, -0.7799980000000062, 0.9500119999999868, 5-19-2008
1.33000100000001, 0.9500119999999868, -0.49000599999999395, 0.20999199999999973, 5-20-2008
1.1900019999999927, 0.20999199999999973, -0.9399879999999996, -1.1300039999999996, 5-21-2008
2.6699979999999925, -1.1300039999999996, 0.10999999999999943, 0.36999500000000296, 6-1-2008
1.5400010000000037, 0.36999500000000296, 0.030006999999997674, -0.3199999999999932, 6-2-2008
2.050003000000004, -0.3199999999999932, -0.1399990000000031, 1.0599969999999956, 6-3-2008
1.8399960000000135, 1.0599969999999956, -0.7000039999999927, -2.8299949999999967, 6-4-2008
3.400000999999989, -2.8299949999999967, 0.43999499999999614, 0.4800039999999939, 6-5-2008
2.1200020000000137, 0.4800039999999939, -0.9800039999999939, 1.0600050000000039, 6-6-2008
2.0900039999999933, 1.0600050000000039, -0.04000000000000625, -2.6500020000000006, 6-7-2008
3.0400010000000037, -2.6500020000000006, 0.5999979999999994, 0.0, 6-8-2008
1.9599989999999963, 0.0, 0.5700000000000074, 1.7300039999999939, 6-9-2008
2.4199979999999925, 1.7300039999999939, -0.6900030000000044, 1.25, 6-10-2008
2.4899970000000025, 1.25, 0.3899990000000031, -2.0, 6-11-2008
2.4799950000000024, -2.0, -0.5499949999999956, -0.3899990000000031, 6-12-2008
1.7300030000000106, -0.3899990000000031, -0.49000599999999395, 1.3499989999999968, 6-13-2008
3.260002, 1.3499989999999968, -0.20999900000001048, -2.069999999999993, 6-14-2008
2.5199970000000036, -2.069999999999993, 0.26000200000000007, 0.45999899999999627, 6-15-2008
2.0999979999999994, 0.45999899999999627, -0.379997000000003, 0.379997000000003, 6-16-2008
2.3499979999999994, 0.379997000000003, 0.20999900000001048, 0.9100039999999865, 6-17-2008
2.630004999999997, 0.9100039999999865, -1.1500019999999864, -2.300003000000004, 6-18-2008
3.059997999999993, -2.300003000000004, -0.10999999999999943, -0.9699939999999998, 6-19-2008
3.7900010000000037, -0.9699939999999998, -0.020004000000000133, -1.5, 6-20-2008
2.0699989999999957, -1.5, -1.0299990000000037, 1.7699970000000036, 6-21-2008
2.7600029999999975, 1.7699970000000036, -0.8599930000000029, 0.6899939999999987, 7-1-2008
2.430000000000007, 0.6899939999999987, 0.8499989999999968, -0.4099959999999925, 7-2-2008
2.8900000000000006, -0.4099959999999925, 0.08000199999999325, 1.879997000000003, 7-3-2008
3.019996000000006, 1.879997000000003, -0.9499969999999962, 3.3299939999999992, 7-4-2008
3.439994999999996, 3.3299939999999992, 0.33000199999999325, -3.8099969999999956, 7-5-2008
4.099997999999999, -3.8099969999999956, 0.26000200000000007, 2.519996000000006, 7-6-2008
2.879997000000003, 2.519996000000006, -1.379997000000003, 0.3199999999999932, 7-7-2008
3.1699980000000068, 0.3199999999999932, 1.389999000000003, -1.9700009999999963, 7-8-2008
3.010002, -1.9700009999999963, -0.5400010000000037, 2.199996999999996, 7-9-2008
4.599997999999999, 2.199996999999996, -0.3899990000000031, 3.1300040000000138, 7-10-2008
4.639999000000003, 3.1300040000000138, 0.4499969999999962, 0.1299980000000005, 7-11-2008
2.9599989999999963, 0.1299980000000005, -0.7099990000000105, 4.080000999999996, 7-12-2008
4.580001999999993, 4.080000999999996, -0.059996999999981426, -1.169998000000021, 7-13-2008
2.2599949999999893, -1.169998000000021, -1.1600039999999865, 2.5, 7-14-2008
2.739998, 2.5, -0.22000099999999634, -0.25999500000000353, 7-15-2008
2.0400089999999977, -0.25999500000000353, -0.4600059999999928, 0.9400019999999927, 7-16-2008
2.1299899999999923, 0.9400019999999927, -1.0, -0.47000099999999634, 7-17-2008
1.8999939999999924, -0.47000099999999634, -0.8399969999999968, -1.4400020000000069, 7-18-2008
2.3100049999999896, -1.4400020000000069, 0.29000100000000373, 1.120002999999997, 7-19-2008
1.9199979999999925, 1.120002999999997, 0.45999099999998805, 0.7400060000000224, 7-20-2008
1.9100040000000007, 0.7400060000000224, -0.7599950000000035, -0.12000300000001118, 7-21-2008
1.760002, -0.12000300000001118, 0.5400010000000037, -1.880004999999997, 7-22-2008
3.020004, -1.880004999999997, 0.1299980000000005, 0.7900009999999895, 8-1-2008
1.8500060000000076, 0.7900009999999895, 0.6399990000000031, 0.6699979999999925, 8-2-2008
1.8199919999999992, 0.6699979999999925, -0.41999799999999254, 0.7100069999999903, 8-3-2008
1.75, 0.7100069999999903, -0.8600009999999827, 0.75, 8-4-2008
2.0699989999999957, 0.75, -0.5500030000000038, 0.3099980000000073, 8-5-2008
2.2500080000000082, 0.3099980000000073, -0.38000500000001125, -1.8299949999999967, 8-6-2008
2.679992999999996, -1.8299949999999967, -0.5899959999999993, -0.7900010000000037, 8-7-2008
2.0999979999999994, -0.7900010000000037, -0.22000099999999634, 0.8000030000000038, 8-8-2008
2.239998, 0.8000030000000038, -0.7900010000000037, 1.9300000000000068, 8-9-2008
3.449996999999996, 1.9300000000000068, 0.1299979999999863, -0.7099989999999963, 8-10-2008
1.8400040000000075, -0.7099989999999963, 0.12999700000000303, -1.9000020000000006, 8-11-2008
3.319999999999993, -1.9000020000000006, -0.9599989999999963, -1.06999900000001, 8-12-2008
2.7799990000000037, -1.06999900000001, 0.9400020000000069, -0.9899979999999999, 8-13-2008
1.9599989999999963, -0.9899979999999999, -0.9300000000000068, 1.4099960000000067, 8-14-2008
1.879997000000003, 1.4099960000000067, 0.31000500000000386, 1.629997000000003, 8-15-2008
2.5499949999999956, 1.629997000000003, -0.4499970000000104, -1.6200019999999995, 8-16-2008
2.2300030000000106, -1.6200019999999995, -0.27999900000000366, -0.08000199999999325, 8-17-2008
1.3499979999999994, -0.08000199999999325, -0.08000199999999325, 0.9599989999999963, 8-18-2008
2.6699979999999925, 0.9599989999999963, 0.6800009999999901, 0.5200040000000001, 8-19-2008
1.869995000000003, 0.5200040000000001, -0.870002999999997, -1.9799959999999999, 8-20-2008
2.360000999999997, -1.9799959999999999, 1.1400000000000006, -4.459998999999996, 8-21-2008
6.099997999999999, -4.459998999999996, -0.0700080000000014, 0.0, 9-1-2008
3.5, 0.0, -0.34999799999999937, -2.989998, 9-2-2008
4.0, -2.989998, -0.8499979999999994, 0.1799999999999926, 9-3-2008
1.9199979999999925, 0.1799999999999926, 3.6699980000000068, -0.7099989999999963, 9-4-2008
3.1400000000000006, -0.7099989999999963, 0.48999799999999993, -2.739998, 9-5-2008
3.0999979999999994, -2.739998, 1.360000999999997, 1.639999000000003, 9-6-2008
3.849998999999997, 1.639999000000003, -1.4400030000000044, 2.599998999999997, 9-7-2008
3.260002, 2.599998999999997, -0.5399929999999955, 0.30999699999999564, 9-8-2008
2.4599990000000105, 0.30999699999999564, -3.6099999999999994, -0.16999899999999002, 9-9-2008
3.220001999999994, -0.16999899999999002, -1.4599990000000105, 2.3200000000000074, 9-10-2008
4.31999900000001, 2.3200000000000074, -1.260002, -3.3200000000000074, 9-11-2008
4.889999000000003, -3.3200000000000074, 1.4400030000000044, 2.2099989999999963, 9-12-2008
7.549994999999996, 2.2099989999999963, 4.469993000000002, -0.7399979999999999, 9-13-2008
6.5, -0.7399979999999999, -0.40000100000000316, -2.239998, 9-14-2008
4.1200019999999995, -2.239998, 0.0, -0.8499979999999994, 9-15-2008
4.029999000000004, -0.8499979999999994, 1.56999900000001, -0.47000100000001055, 9-16-2008
3.9099960000000067, -0.47000100000001055, 1.2900010000000037, 2.360000999999997, 9-17-2008
5.869995000000003, 2.360000999999997, -2.9000020000000006, 2.2099990000000105, 9-18-2008
4.0, 2.2099990000000105, -1.9799959999999999, -2.9800030000000106, 9-19-2008
8.48000300000001, -2.9800030000000106, 1.370002999999997, 1.129997000000003, 9-20-2008
5.150001000000003, 1.129997000000003, -1.4499969999999962, -5.380004999999997, 9-21-2008
9.050003000000004, -5.380004999999997, -1.6499940000000066, -3.7400049999999965, 10-1-2008
6.929999999999993, -3.7400049999999965, 0.42000600000000077, -1.7200019999999938, 10-2-2008
7.9199979999999925, -1.7200019999999938, -2.2300030000000106, -0.5899959999999993, 10-3-2008
6.400002000000001, -0.5899959999999993, 0.879997000000003, -5.849997999999999, 10-4-2008
8.380004999999997, -5.849997999999999, -4.140000000000001, -0.9599989999999963, 10-5-2008
7.5, -0.9599989999999963, 4.739998, -6.290001000000004, 10-6-2008
7.079994999999997, -6.290001000000004, -1.5899959999999993, 0.3399959999999993, 10-7-2008
8.150002, 0.3399959999999993, 2.690002000000007, 1.7699969999999894, 10-8-2008
6.660004000000001, 1.7699969999999894, 4.2099990000000105, -2.8200000000000074, 10-9-2008
7.0, -2.8200000000000074, -0.8300009999999958, -4.479996, 10-10-2008
7.5800020000000075, -4.479996, 1.0899959999999993, 2.1400000000000006, 10-11-2008
7.650002000000001, 2.1400000000000006, 0.2300029999999964, -0.9700009999999963, 10-12-2008
8.200005000000004, -0.9700009999999963, 1.4299999999999926, 0.3000030000000038, 10-13-2008
3.979996, 0.3000030000000038, -0.29000100000000373, -3.3599999999999994, 10-14-2008
3.889999000000003, -3.3599999999999994, -1.860000999999997, -3.4000020000000006, 10-15-2008
6.7899929999999955, -3.4000020000000006, 0.48999799999999993, 0.26000200000000007, 10-16-2008
4.889999000000003, 0.26000200000000007, -5.080000999999996, 2.8000029999999896, 10-17-2008
5.489998, 2.8000029999999896, -1.8000029999999896, -0.6099930000000029, 10-18-2008
5.489998, -0.6099930000000029, 1.739998, 5.879997000000003, 10-19-2008
8.090003999999993, 5.879997000000003, 0.45999899999999627, 0.45999899999999627, 10-20-2008
4.75, 0.45999899999999627, 2.810005000000004, -0.3199999999999932, 10-21-2008
3.5, -0.3199999999999932, 0.20999999999999375, 2.0699989999999957, 10-22-2008
5.160003000000003, 2.0699989999999957, -0.33000199999999325, 0.04000100000000373, 10-23-2008
2.5, 0.04000100000000373, 2.0800019999999932, -1.3599999999999994, 11-1-2008
2.690002000000007, -1.3599999999999994, -0.4700019999999938, -2.989998, 11-2-2008
3.7000050000000044, -2.989998, -2.260002, -2.529998000000006, 11-3-2008
4.55000299999999, -2.529998000000006, 0.629997000000003, 0.48999799999999993, 11-4-2008
2.4599989999999963, 0.48999799999999993, 1.7200009999999963, -4.119995000000003, 11-5-2008
5.359999999999999, -4.119995000000003, -0.620002999999997, -0.5100020000000001, 11-6-2008
4.040001000000004, -0.5100020000000001, -2.0099950000000035, -0.9900049999999965, 11-7-2008
2.8300020000000075, -0.9900049999999965, -0.11999500000000296, 4.589995999999999, 11-8-2008
8.989997000000002, 4.589995999999999, -1.5800019999999932, -2.29999500000001, 11-9-2008
5.900002000000001, -2.29999500000001, -0.9299999999999926, -1.9199990000000042, 11-10-2008
2.5799939999999992, -1.9199990000000042, 1.6499940000000066, 0.9500049999999902, 11-11-2008
3.930000000000007, 0.9500049999999902, -0.15000199999998642, -3.9599990000000105, 11-12-2008
5.269997000000004, -3.9599990000000105, -0.9700009999999963, -3.260002, 11-13-2008
7.879997000000003, -3.260002, 1.0, 2.139999000000003, 11-14-2008
7.480002999999996, 2.139999000000003, 0.8600009999999969, 4.150001000000003, 11-15-2008
7.089995999999999, 4.150001000000003, 1.4800039999999939, -0.7200009999999963, 11-16-2008
4.180001000000004, -0.7200009999999963, -1.130004999999997, 2.150001000000003, 11-17-2008
3.180000000000007, 2.150001000000003, -0.6699980000000068, 0.5999979999999994, 11-18-2008
1.8000040000000013, 0.5999979999999994, -0.6500010000000032, -4.049994999999996, 11-19-2008
4.569999999999993, -4.049994999999996, 0.9000010000000032, 2.0399929999999955, 12-1-2008
3.860000999999997, 2.0399929999999955, -1.2199930000000023, 2.04999500000001, 12-2-2008
4.010002, 2.04999500000001, -0.6399990000000031, -2.5899969999999968, 12-3-2008
4.650001999999986, -2.5899969999999968, -0.6600030000000032, 3.8099969999999956, 12-4-2008
6.190002000000007, 3.8099969999999956, 1.9800039999999939, 2.2900010000000037, 12-5-2008
4.149994000000007, 2.2900010000000037, -1.0400010000000037, -1.1299979999999863, 12-6-2008
3.2300030000000106, -1.1299979999999863, 1.2599949999999893, -1.0899959999999993, 12-7-2008
3.1599960000000067, -1.0899959999999993, -1.360000999999997, -0.9199980000000068, 12-8-2008
3.0900039999999933, -0.9199980000000068, -1.9000019999999864, 3.5199969999999894, 12-9-2008
4.880004000000014, 3.5199969999999894, 0.31000500000000386, 0.25999500000000353, 12-10-2008
3.5400010000000037, 0.25999500000000353, 0.3400039999999933, 3.2900010000000037, 12-11-2008
3.9699930000000023, 3.2900010000000037, -0.9599999999999937, 0.3999939999999924, 12-12-2008
2.609993000000003, 0.3999939999999924, -0.0699989999999957, -1.7699970000000036, 12-13-2008
3.680000000000007, -1.7699970000000036, 1.2200009999999963, -1.7000039999999927, 12-14-2008
2.25, -1.7000039999999927, -0.25, -1.2799990000000037, 12-15-2008
3.129997000000003, -1.2799990000000037, 0.35999999999999943, -1.75, 12-16-2008
2.68000099999999, -1.75, -0.04999499999999557, -0.0300060000000002, 12-17-2008
1.3000029999999896, -0.0300060000000002, 0.4100030000000032, 0.4000019999999864, 12-18-2008
1.25, 0.4000019999999864, 0.3899990000000031, -0.47000099999999634, 12-19-2008
2.0400009999999895, -0.47000099999999634, 0.5800019999999932, 1.7200010000000105, 12-20-2008
2.1200019999999995, 1.7200010000000105, -0.050003000000003794, 0.6600040000000007, 12-21-2008
3.699996999999996, 3.480003999999994, -0.9500049999999902, 0.4000019999999864, 1-1-2009
1.489998, 0.4000019999999864, 0.29000100000000373, 2.1200019999999995, 1-2-2009
4.040001000000004, 2.1200019999999995, -1.4000010000000032, -0.04000099999998952, 1-3-2009
1.6800000000000068, -0.04000099999998952, 0.019996999999989384, -0.6299979999999863, 1-4-2009
2.1599960000000067, -0.6299979999999863, -0.12999700000000303, -2.3500060000000076, 1-5-2009
3.25, -2.3500060000000076, -0.12999700000000303, 1.139999000000003, 1-6-2009
2.1799999999999926, 1.139999000000003, -0.20999899999999627, -0.1600040000000007, 1-7-2009
1.7999949999999956, -0.1600040000000007, -1.139999000000003, -1.0099949999999893, 1-8-2009
2.7099989999999963, -1.0099949999999893, 0.41999899999999, 0.5100020000000001, 1-9-2009
2.569999999999993, 0.5100020000000001, 0.48999799999999993, 0.30999700000000985, 1-10-2009
2.6599960000000067, 0.30999700000000985, -0.1599960000000067, -2.7799990000000037, 1-11-2009
3.1599960000000067, -2.7799990000000037, 4.309998000000007, 5.129997000000003, 1-12-2009
5.599997999999999, 5.129997000000003, -1.5899960000000135, 0.23999799999999993, 1-13-2009
2.629997000000003, 0.23999799999999993, -1.6699979999999925, 1.0899959999999993, 1-14-2009
2.889999000000003, 1.0899959999999993, 0.27999900000000366, 1.8300009999999958, 1-15-2009
3.150001000000003, 1.8300009999999958, 0.16999900000000423, -0.1099930000000029, 1-16-2009
1.4700009999999963, -0.1099930000000029, 1.0399929999999955, 2.120002999999997, 1-17-2009
3.029998000000006, 2.120002999999997, -1.239998, -1.0699999999999932, 1-18-2009
2.5600049999999896, -1.0699999999999932, -0.27999900000000366, -0.5800009999999958, 1-19-2009
2.2300029999999964, -0.5800009999999958, -1.0500040000000013, 0.33000200000000746, 1-20-2009
2.16999899999999, 0.33000200000000746, 0.13999999999998636, 2.4100030000000032, 2-1-2009
3.5699989999999957, 2.4100030000000032, 0.25999500000000353, -0.9099960000000067, 2-2-2009
3.0900040000000075, -0.9099960000000067, -0.7000049999999902, 0.2800069999999977, 2-3-2009
1.9799959999999999, 0.2800069999999977, 0.09999799999999937, 3.629997000000003, 2-4-2009
5.449995999999999, 3.629997000000003, -0.20999899999999627, 0.8899999999999864, 2-5-2009
2.260002, 0.8899999999999864, -1.239998, -2.3100049999999896, 2-6-2009
3.860000999999997, -2.3100049999999896, 0.2100059999999928, 1.6800010000000043, 2-7-2009
2.7699970000000036, 1.6800010000000043, -0.75, 0.6599959999999925, 2-8-2009
3.0, 0.6599959999999925, -0.27999899999998945, -0.9500050000000044, 2-9-2009
1.6100000000000136, -0.9500050000000044, -2.109993000000003, -1.0600049999999896, 2-10-2009
1.989998, -1.0600049999999896, 0.5, 0.3400039999999933, 2-11-2009
1.8099979999999931, 0.3400039999999933, -0.45000400000000695, -2.1299979999999863, 2-12-2009
3.7100070000000045, -2.1299979999999863, -0.879997000000003, 0.7399979999999999, 2-13-2009
2.5600060000000013, 0.7399979999999999, 0.5100020000000001, -4.930000000000007, 2-14-2009
5.139999999999986, -4.930000000000007, 0.25999400000000605, 1.7700049999999976, 2-15-2009
2.980003999999994, 1.7700049999999976, -0.40000200000000063, -0.09999799999999937, 2-16-2009
4.270004999999998, -0.09999799999999937, 0.9499959999999987, 2.120002999999997, 2-17-2009
3.869995000000003, 2.120002999999997, -0.8499979999999994, 3.9099960000000067, 2-18-2009
5.269997000000004, 3.9099960000000067, -0.8600009999999969, -2.119995000000003, 2-19-2009
3.1500020000000006, -2.119995000000003, 1.110000999999997, -2.390006999999997, 3-1-2009
2.989998, -2.390006999999997, 1.2000039999999927, 0.5199970000000036, 3-2-2009
3.6400000000000006, 0.5199970000000036, -1.360000999999997, -0.6499940000000066, 3-3-2009
3.140006999999997, -0.6499940000000066, -0.010002000000000066, -1.6600030000000032, 3-4-2009
4.440002000000007, -1.6600030000000032, -1.110000999999997, -1.2199939999999998, 3-5-2009
3.780006, -1.2199939999999998, 1.6299980000000005, 2.139999000000003, 3-6-2009
3.610000999999997, 2.139999000000003, 0.26000200000000007, 1.110000999999997, 3-7-2009
2.8200000000000074, 1.110000999999997, -0.030006999999997674, 1.8100060000000013, 3-8-2009
3.1099999999999994, 1.8100060000000013, 0.0, -0.04000100000000373, 3-9-2009
1.360000999999997, -0.04000100000000373, 1.2900010000000037, -0.4300010000000043, 3-10-2009
2.4599989999999963, -0.4300010000000043, -0.10999999999999943, 1.8000030000000038, 3-11-2009
2.4600070000000045, 1.8000030000000038, -3.4500050000000044, 2.489998, 3-12-2009
3.489998, 2.489998, 0.8899990000000031, -0.1799919999999986, 3-13-2009
1.8399959999999993, -0.1799919999999986, 0.5, -0.6500020000000006, 3-14-2009
2.819999999999993, -0.6500020000000006, 1.1899949999999961, 5.010002, 3-15-2009
5.010002, 5.010002, -1.0199969999999894, 0.6100009999999969, 3-16-2009
2.030006, 0.6100009999999969, 0.16999799999999254, -0.5200040000000001, 3-17-2009
3.7700049999999976, -0.5200040000000001, 0.5200040000000001, 0.3099980000000073, 3-18-2009
1.4499969999999962, 0.3099980000000073, -2.7900010000000037, -1.8399959999999993, 3-19-2009
3.25, -1.8399959999999993, -2.1500020000000006, 2.5199970000000036, 3-20-2009
2.939994999999996, 2.5199970000000036, 0.4400019999999927, 1.9300000000000068, 3-21-2009
3.8100060000000013, 1.9300000000000068, -0.7600020000000001, 1.4800039999999939, 3-22-2009
2.300003000000004, 1.4800039999999939, 1.5400010000000037, 1.6699979999999925, 4-1-2009
3.610000999999997, 1.6699979999999925, -1.0899969999999968, 2.489998, 4-2-2009
2.9500050000000044, 2.489998, -1.3199989999999957, 0.6599959999999925, 4-3-2009
1.8499979999999994, 0.6599959999999925, -1.3899999999999864, -1.4199980000000068, 4-4-2009
1.9800029999999964, -1.4199980000000068, 0.6999969999999962, 1.7400050000000107, 4-5-2009
2.550003000000004, 1.7400050000000107, 0.8199999999999932, -0.31000500000000386, 4-6-2009
2.199996999999996, -0.31000500000000386, -1.4199979999999925, -0.33000200000000746, 4-7-2009
2.610000999999997, -0.33000200000000746, -0.869995000000003, 0.18999500000001035, 4-8-2009
1.6799999999999926, 0.18999500000001035, -1.0399940000000072, 0.619995000000003, 4-9-2009
2.6199959999999862, 0.619995000000003, 0.8900000000000006, 1.6900020000000069, 4-10-2009
2.739998, 1.6900020000000069, -0.25, 0.08999699999999677, 4-11-2009
2.349998999999997, 0.08999699999999677, -0.9799959999999999, 0.1399990000000031, 4-12-2009
1.9800030000000106, 0.1399990000000031, -2.019996000000006, 3.8999939999999924, 4-13-2009
4.280006, 3.8999939999999924, -1.1399999999999864, 1.380004999999997, 4-14-2009
2.800003000000004, 1.380004999999997, 0.09999899999999684, -1.2300039999999939, 4-15-2009
2.979996, -1.2300039999999939, -0.25, -1.0899960000000135, 4-16-2009
2.0800019999999932, -1.0899960000000135, -0.47000099999999634, 0.3399959999999993, 4-17-2009
2.400001000000003, 0.3399959999999993, -0.5899959999999993, 2.58000100000001, 4-18-2009
3.4800029999999964, 2.58000100000001, 0.04000099999998952, 2.0599980000000073, 4-19-2009
3.3300019999999932, 2.0599980000000073, 0.5100020000000001, -1.3400040000000075, 4-20-2009
3.2000050000000044, -1.3400040000000075, 0.5700000000000074, 0.8300019999999932, 4-21-2009
1.91999899999999, 0.8300019999999932, 0.6500010000000032, 0.9300000000000068, 5-1-2009
2.139999000000003, 0.9300000000000068, -0.1900020000000069, -0.15000200000000063, 5-2-2009
1.3099979999999931, -0.15000200000000063, -0.619995000000003, -0.6099999999999994, 5-3-2009
1.7900010000000037, -0.6099999999999994, 0.02999900000000366, -2.0600060000000013, 5-4-2009
2.9700010000000105, -2.0600060000000013, 0.990005999999994, -2.0900039999999933, 5-5-2009
3.9199980000000068, -2.0900039999999933, -0.40000200000000063, 1.8100060000000013, 5-6-2009
2.930000000000007, 1.8100060000000013, 0.08000099999999577, 0.9599990000000105, 5-7-2009
2.009994000000006, 0.9599990000000105, -1.0600050000000039, -0.619995000000003, 5-8-2009
1.75, -0.619995000000003, -0.5400010000000037, -0.6699979999999925, 5-9-2009
1.9400019999999927, -0.6699979999999925, -0.15000100000000316, 0.47000099999999634, 5-10-2009
2.5, 0.47000099999999634, 0.629997000000003, 2.5800019999999932, 5-11-2009
2.7699969999999894, 2.5800019999999932, -0.25, 1.1800000000000068, 5-12-2009
2.120002999999997, 1.1800000000000068, 0.0, -1.4599989999999963, 5-13-2009
2.1700050000000033, -1.4599989999999963, -0.9800030000000106, -0.25, 5-14-2009
1.510002, -0.25, -0.15000199999998642, -0.7799990000000037, 5-15-2009
1.5599979999999931, -0.7799990000000037, -0.5699990000000099, 3.6999970000000104, 5-16-2009
4.609999999999999, 3.6999970000000104, -0.6800010000000043, -1.4099959999999925, 5-17-2009
2.259994000000006, -1.4099959999999925, 0.4099959999999925, 1.3500060000000076, 5-18-2009
2.4599989999999963, 1.3500060000000076, -0.22000100000001055, 1.8099980000000073, 5-19-2009
2.550003000000004, 1.8099980000000073, 0.6600030000000032, 1.43000099999999, 5-20-2009
2.0, 1.43000099999999, -0.8600009999999969, -0.6800000000000068, 6-1-2009
2.139999000000003, -0.6800000000000068, -0.3000029999999896, -0.04000100000000373, 6-2-2009
1.4899970000000025, -0.04000100000000373, -0.3199999999999932, 0.1600039999999865, 6-3-2009
1.2700049999999976, 0.1600039999999865, 1.0, -0.09000399999999331, 6-4-2009
1.6500020000000006, -0.09000399999999331, -0.5999989999999968, 0.8499989999999968, 6-5-2009
2.4800029999999964, 0.8499989999999968, 0.6600040000000007, -0.010002999999997542, 6-6-2009
1.1500010000000032, -0.010002999999997542, 1.0599979999999931, -0.8499989999999968, 6-7-2009
2.229996, -0.8499989999999968, 0.40000200000000063, 0.6500020000000006, 6-8-2009
2.08000100000001, 0.6500020000000006, -1.0, -0.19000300000000436, 6-9-2009
1.5299990000000037, -0.19000300000000436, -0.5800019999999932, -0.009994000000006054, 6-10-2009
1.5900039999999933, -0.009994000000006054, 0.8499979999999994, -1.1500010000000032, 6-11-2009
1.8700019999999995, -1.1500010000000032, 0.1399990000000031, -0.45999899999999627, 6-12-2009
1.0, -0.45999899999999627, -0.06999999999999318, -0.5999980000000136, 6-13-2009
1.4099960000000067, -0.5999980000000136, -0.020004000000000133, -0.41999899999999, 6-14-2009
1.1500020000000006, -0.41999899999999, -0.7099989999999963, -0.6600030000000032, 6-15-2009
1.6499940000000066, -0.6600030000000032, 0.2300029999999964, -0.3099979999999931, 6-16-2009
1.0800019999999932, -0.3099979999999931, 0.9499969999999962, -1.2399970000000025, 6-17-2009
2.760002, -1.2399970000000025, -0.45000500000000443, 2.360000999999997, 6-18-2009
3.2799990000000037, 2.360000999999997, 0.4400020000000069, -0.8199999999999932, 6-19-2009
1.4499969999999962, -0.8199999999999932, 0.3099979999999931, -0.1599960000000067, 6-20-2009
1.0199960000000061, -0.1599960000000067, -0.13999999999998636, -1.2700040000000001, 6-21-2009
2.2200010000000105, -1.2700040000000001, 0.5800019999999932, -0.1600040000000007, 6-22-2009
1.5399940000000072, -0.1600040000000007, -1.0399929999999955, -2.0700000000000074, 7-1-2009
2.1800010000000043, -2.0700000000000074, -0.16000300000000323, 0.08000200000000746, 7-2-2009
1.760002, 0.08000200000000746, -0.31000600000000134, -1.1499939999999924, 7-3-2009
1.9299999999999926, -1.1499939999999924, 0.09999899999999684, 0.3899990000000031, 7-4-2009
1.6699980000000068, 0.3899990000000031, 0.44000299999999015, 0.9599989999999963, 7-5-2009
1.9300010000000043, 0.9599989999999963, -1.110000999999997, -0.1399990000000031, 7-6-2009
1.9199979999999925, -0.1399990000000031, 0.4499970000000104, 2.3400039999999933, 7-7-2009
3.4599999999999937, 2.3400039999999933, -0.20000499999999022, -0.16999800000000675, 7-8-2009
1.1000059999999934, -0.16999800000000675, 1.5, 2.4700009999999963, 7-9-2009
2.620002999999997, 2.4700009999999963, -0.38000499999999704, 3.800003000000004, 7-10-2009
4.179999999999993, 3.800003000000004, 2.7700049999999976, 2.009994000000006, 7-11-2009
2.369995000000003, 2.009994000000006, -0.8899990000000031, 1.9100030000000032, 7-12-2009
2.489998, 1.9100030000000032, -0.5699990000000099, 1.1699980000000068, 7-13-2009
1.6600040000000007, 1.1699980000000068, -0.8600009999999969, -0.6100000000000136, 7-14-2009
2.110000999999997, -0.6100000000000136, -0.5100020000000001, 2.0, 7-15-2009
2.940002000000007, 2.0, -0.3799979999999863, 0.9599989999999963, 7-16-2009
1.5200049999999976, 0.9599989999999963, -0.6900020000000069, 0.6800000000000068, 7-17-2009
1.3499980000000136, 0.6800000000000068, -1.0, 0.6500020000000006, 7-18-2009
1.1800010000000043, 0.6500020000000006, -0.9199980000000068, 0.9000010000000032, 7-19-2009
1.2299959999999999, 0.9000010000000032, 0.7399979999999999, -0.1399990000000031, 7-20-2009
1.7000049999999902, -0.1399990000000031, -0.3000030000000038, 0.3700020000000137, 7-21-2009
1.4300000000000068, 0.3700020000000137, 0.9499969999999962, 1.0400010000000037, 7-22-2009
1.2699969999999894, 1.0400010000000037, -0.75, 0.4299999999999926, 8-1-2009
0.7800060000000002, 0.4299999999999926, -1.0800009999999958, -0.04999600000000726, 8-2-2009
1.139999000000003, -0.04999600000000726, -0.16000300000000323, -0.9300009999999901, 8-3-2009
1.7000050000000044, -0.9300009999999901, 0.7300039999999939, 1.2200009999999963, 8-4-2009
1.8000030000000038, 1.2200009999999963, -1.1600039999999865, 0.5299989999999895, 8-5-2009
1.2200010000000105, 0.5299989999999895, -0.6699979999999925, -0.23999799999999993, 8-6-2009
1.1800000000000068, -0.23999799999999993, -0.19000300000000436, 1.6900030000000044, 8-7-2009
2.5400009999999895, 1.6900030000000044, -0.010002000000000066, 0.3000029999999896, 8-8-2009
1.1500020000000006, 0.3000029999999896, -0.2900009999999895, -0.7200010000000105, 8-9-2009
2.119995000000003, -0.7200010000000105, -1.8799979999999863, 0.16999899999999002, 8-10-2009
1.2300030000000106, 0.16999899999999002, -0.050003000000003794, 0.8199990000000099, 8-11-2009
1.2699970000000036, 0.8199990000000099, -1.2699960000000061, 2.2099989999999963, 8-12-2009
2.6499940000000066, 2.2099989999999963, -0.1299979999999863, 0.5099949999999893, 8-13-2009
1.3100060000000013, 0.5099949999999893, 0.7000050000000044, 0.25, 8-14-2009
1.4599989999999963, 0.25, 0.01999600000000612, -0.5999980000000136, 8-15-2009
1.7799990000000037, -0.5999980000000136, -0.06999999999999318, -0.41999800000000675, 8-16-2009
1.4400030000000044, -0.41999800000000675, -0.19000299999999015, 0.8300019999999932, 8-17-2009
2.3399959999999993, 0.8300019999999932, -0.7399979999999999, 0.6999970000000104, 8-18-2009
1.739998, 0.6999970000000104, 0.6699979999999925, -1.879997000000003, 8-19-2009
2.460005999999993, -1.879997000000003, -1.120002999999997, 0.9500050000000044, 8-20-2009
1.1399999999999864, 0.9500050000000044, -0.38000499999999704, -0.9799959999999999, 8-21-2009
2.430000000000007, -0.9799959999999999, -0.3500060000000076, -0.25, 9-1-2009
1.239998, -0.25, 0.4600070000000045, -0.22000100000001055, 9-2-2009
1.5800009999999958, -0.22000100000001055, 0.25, 0.879997000000003, 9-3-2009
1.2900010000000037, 0.879997000000003, 0.4800030000000106, -0.7799980000000062, 9-4-2009
1.5400010000000037, -0.7799980000000062, -0.13000499999999704, -0.2699970000000036, 9-5-2009
1.509994000000006, -0.2699970000000036, 0.22999599999999987, 0.6800000000000068, 9-6-2009
1.0800019999999932, 0.6800000000000068, 0.13000499999999704, 0.25, 9-7-2009
1.7799990000000037, 0.25, -1.0500030000000038, 1.879997000000003, 9-8-2009
2.049995999999993, 1.879997000000003, -0.09999799999999937, 0.5699989999999957, 9-9-2009
1.2899929999999955, 0.5699989999999957, 0.15000200000000063, 2.319999999999993, 9-10-2009
2.699996999999996, 2.319999999999993, -0.6800009999999901, 0.7399979999999999, 9-11-2009
1.7299959999999999, 0.7399979999999999, 0.5699999999999932, -0.3399959999999993, 9-12-2009
1.259994000000006, -0.3399959999999993, -1.0800019999999932, 0.5400009999999895, 9-13-2009
1.2000049999999902, 0.5400009999999895, 0.5199960000000061, -0.4799950000000024, 9-14-2009
1.1299980000000005, -0.4799950000000024, -0.34999899999999684, -0.4400020000000069, 9-15-2009
2.0299990000000037, -0.4400020000000069, -0.1299979999999863, 0.25, 9-16-2009
1.25, 0.25, -0.6700050000000033, 0.8100049999999896, 9-17-2009
1.5500040000000013, 0.8100049999999896, -0.5600049999999896, -1.1899950000000104, 9-18-2009
3.059997999999993, -1.1899950000000104, 0.02999900000000366, -0.5500030000000038, 9-19-2009
1.3400040000000075, -0.5500030000000038, 0.3700020000000137, 0.4300009999999901, 9-20-2009
2.449996999999996, 0.4300009999999901, -0.2200019999999938, -1.4899970000000025, 9-21-2009
2.050003000000004, -1.4899970000000025, -0.5, 1.619995000000003, 10-1-2009
2.4000020000000006, 1.619995000000003, -0.11999500000000296, 0.8499979999999994, 10-2-2009
2.050003000000004, 0.8499979999999994, 0.6399990000000031, 0.9599989999999963, 10-3-2009
1.369995000000003, 0.9599989999999963, -0.2299950000000024, 1.6599960000000067, 10-4-2009
1.9099959999999925, 1.6599960000000067, -0.26000200000000007, -0.22999599999999987, 10-5-2009
1.130004999999997, -0.22999599999999987, 0.1399990000000031, 3.5, 10-6-2009
3.699996999999996, 3.5, -0.48999799999999993, 1.5999989999999968, 10-7-2009
1.9000010000000032, 1.5999989999999968, -0.8200000000000074, 0.7999960000000073, 10-8-2009
1.1900020000000069, 0.7999960000000073, 0.6900019999999927, 0.6400070000000113, 10-9-2009
2.0100030000000118, 0.6400070000000113, -0.7900080000000145, 0.4200050000000033, 10-10-2009
1.6800000000000068, 0.4200050000000033, -4.830000999999996, -1.5100029999999975, 10-11-2009
2.449996999999996, -1.5100029999999975, 0.12000299999999697, 1.299995999999993, 10-12-2009
1.75, 1.299995999999993, 0.3000030000000038, -0.5400010000000037, 10-13-2009
2.0, -0.5400010000000037, -0.6399999999999864, -1.3099970000000098, 10-14-2009
3.25, -1.3099970000000098, -0.12000299999999697, 1.9400020000000069, 10-15-2009
2.6600040000000007, 1.9400020000000069, 0.2599949999999893, -2.5899959999999993, 10-16-2009
3.059997999999993, -2.5899959999999993, 0.25, -0.5, 10-17-2009
2.889999000000003, -0.5, 0.06999900000000991, 0.4700019999999938, 10-18-2009
2.9899970000000025, 0.4700019999999938, -0.1800010000000043, 1.0299990000000037, 10-19-2009
1.8099970000000098, 1.0299990000000037, 0.6500020000000006, 0.7200009999999963, 10-20-2009
1.4300010000000043, 0.7200009999999963, -0.24000599999999395, -2.019996000000006, 10-21-2009
2.7699970000000036, -2.019996000000006, 0.1599960000000067, -0.20999900000001048, 10-22-2009
2.430000000000007, -0.20999900000001048, -1.0299989999999895, 1.630004999999997, 11-1-2009
1.6600030000000032, 1.630004999999997, 0.29999499999999557, -0.16999799999999254, 11-2-2009
1.3399959999999993, -0.16999799999999254, 0.8300019999999932, 0.9799950000000024, 11-3-2009
1.5, 0.9799950000000024, -0.5899959999999993, 0.9799959999999999, 11-4-2009
1.2599950000000035, 0.9799959999999999, 0.4300000000000068, 2.0800019999999932, 11-5-2009
2.510002, 2.0800019999999932, -0.6999969999999962, 1.610000999999997, 11-6-2009
1.880004999999997, 1.610000999999997, -0.3600009999999969, 0.6399990000000031, 11-7-2009
1.360000999999997, 0.6399990000000031, -0.58000100000001, -0.34999899999999684, 11-8-2009
1.5400010000000037, -0.34999899999999684, 0.15000200000000063, 0.619995000000003, 11-9-2009
1.5300060000000002, 0.619995000000003, 0.1399990000000031, 1.0400089999999835, 11-10-2009
1.2100059999999928, 1.0400089999999835, -0.7800069999999835, 1.2000050000000044, 11-11-2009
1.2499919999999918, 1.2000050000000044, -0.5800020000000075, 0.09999099999998862, 11-12-2009
0.8000030000000038, 0.09999099999998862, -0.8699949999999887, 0.26000200000000007, 11-13-2009
1.3299939999999992, 0.26000200000000007, -0.370002999999997, -0.20999900000001048, 11-14-2009
1.2300030000000106, -0.20999900000001048, 0.7399979999999999, 0.5, 11-15-2009
1.289999999999992, 0.5, -0.29999499999999557, 0.029998000000006186, 11-16-2009
1.1800080000000008, 0.029998000000006186, -0.050003000000003794, -0.5999979999999994, 11-17-2009
1.139999000000003, -0.5999979999999994, -2.6900030000000044, 1.110000999999997, 11-18-2009
2.360000999999997, 1.110000999999997, -0.5799939999999992, 1.2299950000000024, 11-19-2009
1.6799999999999926, 1.2299950000000024, 0.9400030000000044, 0.6500010000000032, 11-20-2009
1.5400009999999895, 0.6500010000000032, -0.6200020000000137, -0.1100009999999969, 12-1-2009
1.2299949999999882, -0.1100009999999969, 0.3899990000000031, -0.04999499999999557, 12-2-2009
1.2200009999999963, -0.04999499999999557, 0.8499909999999886, -1.1499939999999924, 12-3-2009
2.8999939999999924, -1.1499939999999924, -0.370002999999997, 0.1600040000000007, 12-4-2009
0.9400030000000044, 0.1600040000000007, -0.07000000000000739, -0.16999799999999254, 12-5-2009
1.1899939999999987, -0.16999799999999254, -0.10000600000000759, 1.6900019999999927, 12-6-2009
2.279997999999992, 1.6900019999999927, -0.25999399999997763, 1.2099910000000023, 12-7-2009
1.3800049999999828, 1.2099910000000023, -0.33000100000001, 0.6699979999999925, 12-8-2009
1.0599970000000098, 0.6699979999999925, -0.02999900000000366, 0.27999900000000366, 12-9-2009
0.3799899999999923, 0.27999900000000366, -0.4699860000000058, -0.9700019999999938, 12-10-2009
1.9199990000000042, -0.9700019999999938, 0.25, -0.029998000000006186, 12-11-2009
1.25, -0.029998000000006186, -0.7100069999999903, -0.5999979999999994, 12-12-2009
1.4399950000000104, -0.5999979999999994, 0.5699989999999957, -0.05999699999999564, 12-13-2009
1.3899989999999889, -0.05999699999999564, -0.1100009999999969, 0.8499909999999886, 12-14-2009
1.2600019999999859, 0.8499909999999886, 0.6500090000000114, 0.6299899999999923, 12-15-2009
0.7899940000000072, 0.6299899999999923, -0.22999599999999987, 0.3000030000000038, 12-16-2009
0.6999969999999962, 0.3000030000000038, -0.11000100000001112, 0.680008000000015, 12-17-2009
1.090011000000004, 0.680008000000015, 0.41999799999999254, 1.3199930000000109, 12-18-2009
1.589997000000011, 1.3199930000000109, -0.02999900000000366, -0.4299929999999961, 12-19-2009
0.569991999999985, -0.4299929999999961, -0.6200100000000077, 1.340011000000004, 12-20-2009
2.0, 1.340011000000004, -0.16000300000001744, -1.510009999999994, 12-21-2009
2.1199949999999887, 1.2700040000000001, -0.7700040000000001, -0.8299869999999885, 1-1-2010
1.75, -0.8299869999999885, -0.17001300000001152, -0.6799929999999961, 1-2-2010
1.6800069999999891, -0.6799929999999961, -0.13000500000001125, -0.31999199999998496, 1-3-2010
1.3399960000000135, -0.31999199999998496, -0.47999599999999987, 1.7799990000000037, 1-4-2010
1.8699949999999887, 1.7799990000000037, 0.20999199999999973, -1.5800020000000075, 1-5-2010
2.390000000000015, -1.5800020000000075, -0.4499969999999962, 1.4799959999999999, 1-6-2010
2.3300020000000075, 1.4799959999999999, -0.11999600000001465, -0.16000299999998902, 1-7-2010
1.9599910000000023, -0.16000299999998902, 0.3200070000000039, 1.7599950000000035, 1-8-2010
2.800003000000004, 1.7599950000000035, -0.27999900000000366, -0.25, 1-9-2010
1.8000029999999754, -0.25, -0.1499939999999924, 2.5099939999999776, 1-10-2010
2.6900019999999927, 2.5099939999999776, -3.6799919999999986, -0.21000699999999028, 1-11-2010
2.199996999999996, -0.21000699999999028, 0.22000099999999634, -1.4700009999999963, 1-12-2010
2.6300039999999854, -1.4700009999999963, -0.33000200000000746, -3.1699979999999925, 1-13-2010
3.519995999999992, -3.1699979999999925, 0.8300019999999932, -0.20999899999999627, 1-14-2010
1.1800000000000068, -0.20999899999999627, -0.20000499999999022, -0.16999800000000675, 1-15-2010
2.3399959999999993, -0.16999800000000675, 0.06999999999999318, 0.5100020000000001, 1-16-2010
1.9199979999999925, 0.5100020000000001, 0.6999970000000104, -3.2799990000000037, 1-17-2010
3.989998, -3.2799990000000037, 0.5699999999999932, -1.93000099999999, 1-18-2010
3.0999979999999994, -1.93000099999999, 0.8400039999999933, 1.4399950000000104, 1-19-2010
2.1699979999999925, 1.4399950000000104, 0.12000299999999697, 0.7399979999999999, 2-1-2010
1.860000999999997, 0.7399979999999999, -0.36999500000000296, 0.5, 2-2-2010
1.0, 0.5, -0.4700019999999938, -2.190002000000007, 2-3-2010
2.5400000000000063, -2.190002000000007, 0.04000100000000373, 0.47999599999999987, 2-4-2010
1.889999000000003, 0.47999599999999987, -0.36999500000000296, -1.2700049999999976, 2-5-2010
1.4800029999999964, -1.2700049999999976, 0.7700049999999976, 0.5599969999999956, 2-6-2010
1.739998, 0.5599969999999956, -0.2699969999999894, -0.13000400000001378, 2-7-2010
1.4400030000000044, -0.13000400000001378, -0.22999599999999987, 1.1500010000000032, 2-8-2010
2.139999000000003, 1.1500010000000032, -0.7200009999999963, 0.9899979999999999, 2-9-2010
2.440002000000007, 0.9899979999999999, 0.9100040000000007, 0.3199989999999957, 2-10-2010
1.1200019999999995, 0.3199989999999957, 0.2699970000000036, 0.8300019999999932, 2-11-2010
1.3200000000000074, 0.8300019999999932, -0.20000499999999022, 1.68000099999999, 2-12-2010
2.0, 1.68000099999999, -0.45999999999999375, -0.15999599999999248, 2-13-2010
1.1899950000000104, -0.15999599999999248, 0.1100009999999969, -0.45000500000000443, 2-14-2010
1.1200020000000137, -0.45000500000000443, -0.36999500000000296, -0.020004000000000133, 2-15-2010
1.6600040000000007, -0.020004000000000133, 0.5599980000000073, 0.5699989999999957, 2-16-2010
1.460006000000007, 0.5699989999999957, -1.5399929999999955, 1.0199969999999894, 2-17-2010
1.6699980000000068, 1.0199969999999894, -0.05999799999999311, 0.15000200000000063, 2-18-2010
1.260002, 0.15000200000000063, 0.3399959999999993, 1.070007000000004, 2-19-2010
1.3600010000000111, 1.070007000000004, 0.12998999999999228, -1.2799989999999895, 3-1-2010
1.9599990000000105, -1.2799989999999895, 0.31000499999998965, -0.8500059999999934, 3-2-2010
1.3400039999999933, -0.8500059999999934, 0.19000299999999015, -0.34999899999999684, 3-3-2010
1.5999989999999968, -0.34999899999999684, 0.4499970000000104, 0.08000199999999325, 3-4-2010
0.5100020000000001, 0.08000199999999325, -0.1900020000000069, -0.6499939999999924, 3-5-2010
1.139999000000003, -0.6499939999999924, -0.1400069999999971, -0.7199939999999998, 3-6-2010
1.0900040000000075, -0.7199939999999998, 0.43999499999999614, -0.36999500000000296, 3-7-2010
1.1500020000000006, -0.36999500000000296, 0.0899959999999993, 1.889999000000003, 3-8-2010
2.099998999999997, 1.889999000000003, 0.31000600000000134, 0.029998000000006186, 3-9-2010
0.8599929999999887, 0.029998000000006186, -0.5400000000000063, 0.4299999999999926, 3-10-2010
1.0599970000000098, 0.4299999999999926, 0.16999800000000675, 0.6699979999999925, 3-11-2010
1.430008000000015, 0.6699979999999925, 0.22999599999999987, -1.1399919999999923, 3-12-2010
1.5699919999999992, -1.1399919999999923, -0.3000030000000038, 0.920006000000015, 3-13-2010
1.3000030000000038, 0.920006000000015, -0.670006000000015, 0.0, 3-14-2010
2.1499939999999924, 0.0, -0.5999979999999994, 0.8700019999999995, 3-15-2010
1.8199989999999957, 0.8700019999999995, -0.04000099999998952, 1.4299929999999819, 3-16-2010
1.789993999999993, 1.4299929999999819, -0.7399899999999775, -0.10000600000000759, 3-17-2010
1.4799959999999999, -0.10000600000000759, 0.8300020000000075, -0.11999600000001465, 3-18-2010
1.5999909999999886, -0.11999600000001465, -0.3100120000000004, 0.33000200000000746, 3-19-2010
1.0599980000000073, 0.33000200000000746, 0.040008000000000266, -0.7100069999999903, 3-20-2010
1.6900019999999927, -0.7100069999999903, 0.3099979999999789, -0.12998999999999228, 3-21-2010
0.8800050000000113, -0.12998999999999228, -0.5400080000000003, 0.020004000000000133, 3-22-2010
1.0999979999999994, 0.020004000000000133, 0.6999969999999962, -0.6999969999999962, 3-23-2010
1.7599950000000035, -0.6999969999999962, 0.13000500000001125, 0.9700009999999963, 4-1-2010
1.660004000000015, 0.9700009999999963, -0.6700130000000115, 0.25, 4-2-2010
1.25, 0.25, -0.3999939999999924, -0.050003000000003794, 4-3-2010
1.2600089999999966, -0.050003000000003794, -0.44000299999999015, -0.4299920000000128, 4-4-2010
1.0299990000000037, -0.4299920000000128, 0.2699960000000061, 0.8799980000000005, 4-5-2010
1.7499919999999918, 0.8799980000000005, -0.1899879999999996, -0.2100059999999928, 4-6-2010
0.7200019999999938, -0.2100059999999928, -0.10000600000000759, 0.7700040000000001, 4-7-2010
1.5899969999999968, 0.7700040000000001, 0.6999969999999962, 1.5200040000000001, 4-8-2010
1.9599910000000023, 1.5200040000000001, -0.7200009999999963, 0.3599999999999852, 4-9-2010
0.9499969999999962, 0.3599999999999852, -0.2100059999999928, -0.04998799999998482, 4-10-2010
1.9199979999999925, -0.04998799999998482, -0.25, 1.8499909999999886, 4-11-2010
1.8999939999999924, 1.8499909999999886, -3.0299990000000037, 0.49000499999999647, 4-12-2010
2.070007000000004, 0.49000499999999647, 0.17999299999999607, -0.8799899999999923, 4-13-2010
1.7700040000000001, -0.8799899999999923, -0.3500060000000076, 0.49000600000002237, 4-14-2010
1.5900040000000075, 0.49000600000002237, -0.050003000000003794, 0.910002999999989, 4-15-2010
1.3899990000000173, 0.910002999999989, -0.23000999999999294, 0.9700009999999963, 4-16-2010
1.5, 0.9700009999999963, -0.8300020000000075, -1.0799869999999885, 4-17-2010
3.2899930000000097, -1.0799869999999885, 0.5799869999999885, 0.7000120000000152, 4-18-2010
1.4400019999999927, 0.7000120000000152, 0.4499969999999962, -0.08999600000001351, 4-19-2010
1.0600129999999979, -0.08999600000001351, -0.030013999999994212, -1.429992999999996, 4-20-2010
1.8000029999999754, -1.429992999999996, 0.3899989999999889, 0.2100070000000187, 4-21-2010
1.339995999999985, 0.2100070000000187, -0.7100070000000187, -0.7700040000000001, 5-1-2010
2.359993000000003, -0.7700040000000001, -0.9999919999999918, 0.3399959999999993, 5-2-2010
1.359993000000003, 0.3399959999999993, -1.1699979999999925, -2.370002999999997, 5-3-2010
11.930000000000007, -2.370002999999997, -0.5599970000000098, -1.2600029999999975, 5-4-2010
4.389999000000003, -1.2600029999999975, 4.169999000000004, 0.0, 5-5-2010
1.6100000000000136, 0.0, -1.0599980000000073, 1.6800000000000068, 5-6-2010
3.269995999999992, 1.6800000000000068, 0.2700049999999976, 5.519988999999995, 5-7-2010
5.8400040000000075, 5.519988999999995, -1.75, 0.5500030000000038, 5-8-2010
2.25, 0.5500030000000038, -0.41999799999999254, 0.13000399999998535, 5-9-2010
2.259994000000006, 0.13000399999998535, -0.5100089999999966, -0.2399910000000034, 5-10-2010
3.0599980000000073, -0.2399910000000034, 0.8199930000000109, -1.3099980000000073, 5-11-2010
2.090011000000004, -1.3099980000000073, -0.5800020000000075, -0.5099939999999776, 5-12-2010
2.680000000000007, -0.5099939999999776, -1.6400000000000148, -3.4199979999999925, 5-13-2010
4.2799989999999895, -3.4199979999999925, -1.639999000000003, 3.259994000000006, 5-14-2010
4.209998999999996, 3.259994000000006, -0.1599960000000067, -0.8100050000000039, 5-15-2010
1.9799959999999999, -0.8100050000000039, -2.979996, 3.0499960000000073, 5-16-2010
3.479996, 3.0499960000000073, 0.3700019999999995, -1.6599960000000067, 5-17-2010
2.940002000000007, -1.6599960000000067, 1.8200000000000074, 1.3399959999999993, 5-18-2010
1.6200019999999995, 1.3399959999999993, -0.4300000000000068, -0.6999969999999962, 5-19-2010
1.989998, -0.6999969999999962, -0.5699999999999932, -0.3500060000000076, 5-20-2010
2.680000000000007, -0.3500060000000076, 0.5100020000000001, 2.5600060000000013, 6-1-2010
3.1500020000000006, 2.5600060000000013, 0.3399959999999993, 0.20999899999999627, 6-2-2010
1.760002, 0.20999899999999627, -1.5899959999999993, -1.0900039999999933, 6-3-2010
2.4299999999999926, -1.0900039999999933, 0.2900009999999895, -1.4400029999999902, 6-4-2010
1.7300039999999939, -1.4400029999999902, 0.13000499999999704, -0.5400010000000037, 6-5-2010
1.639999000000003, -0.5400010000000037, 1.110000999999997, -0.9299999999999926, 6-6-2010
2.259994000000006, -0.9299999999999926, 2.0899959999999993, 1.6900020000000069, 6-7-2010
2.4199979999999925, 1.6900020000000069, -0.9499970000000104, 1.7199939999999998, 6-8-2010
2.360000999999997, 1.7199939999999998, 0.050003000000003794, 0.0, 6-9-2010
1.4799959999999999, 0.0, 0.4299929999999961, 0.8600000000000136, 6-10-2010
1.5800020000000075, 0.8600000000000136, -1.4499969999999962, 2.010009999999994, 6-11-2010
2.3399969999999826, 2.010009999999994, -0.27999900000000366, 0.9099889999999959, 6-12-2010
1.1699979999999925, 0.9099889999999959, 0.040008000000000266, -0.8700100000000077, 6-13-2010
1.1199949999999887, -0.8700100000000077, 1.2700040000000001, -0.7700040000000001, 6-14-2010
1.7200009999999963, -0.7700040000000001, -0.27999900000000366, -1.069991999999985, 6-15-2010
2.3999939999999924, -1.069991999999985, -0.050003000000003794, 0.8600010000000111, 6-16-2010
2.380004999999983, 0.8600010000000111, -0.5399940000000072, -1.3800050000000113, 6-17-2010
2.0299990000000037, -1.3800050000000113, 0.14999400000002083, -1.2199930000000165, 6-18-2010
1.9800030000000106, -1.2199930000000165, 0.5299990000000037, 1.3299939999999992, 6-19-2010
2.25, 1.3299939999999992, -1.6299980000000005, -2.260002, 6-20-2010
4.279990999999995, -2.260002, -0.25999400000000605, -1.3499989999999968, 6-21-2010
2.2200009999999963, -1.3499989999999968, 0.07000000000000739, -0.9800030000000106, 6-22-2010
2.5999979999999994, -0.9800030000000106, 0.7200010000000105, -1.4300000000000068, 7-1-2010
2.680000000000007, -1.4300000000000068, 1.7200009999999963, -0.12000299999999697, 7-2-2010
2.4599989999999963, -0.12000299999999697, 0.010002000000000066, 3.5299990000000037, 7-3-2010
3.6500020000000006, 3.5299990000000037, 0.370002999999997, 0.5999979999999994, 7-4-2010
1.4099959999999925, 0.5999979999999994, -0.0699989999999957, 0.05999699999999564, 7-5-2010
0.9099959999999925, 0.05999699999999564, -0.5899959999999993, 1.2999949999999956, 7-6-2010
1.6699980000000068, 1.2999949999999956, 0.3000030000000038, 1.5099950000000035, 7-7-2010
2.289994000000007, 1.5099950000000035, -1.159988999999996, 1.3999939999999924, 7-8-2010
2.4600070000000187, 1.3999939999999924, -0.8500060000000076, 0.8500060000000076, 7-9-2010
1.3699949999999887, 0.8500060000000076, -0.759994000000006, -1.9300079999999866, 7-10-2010
2.299995999999993, -1.9300079999999866, 0.6399989999999889, 1.1199950000000172, 7-11-2010
2.0100100000000225, 1.1199950000000172, -6.819992000000013, 3.5800020000000075, 7-12-2010
3.6299979999999863, 3.5800020000000075, -0.1100009999999969, -1.1700050000000033, 7-13-2010
1.879997000000003, -1.1700050000000033, 1.0500029999999896, 1.1500010000000032, 7-14-2010
1.7299959999999999, 1.1500010000000032, -0.16999799999999254, 1.0800020000000075, 7-15-2010
1.8000030000000038, 1.0800020000000075, -0.20001200000001518, 0.23001099999999042, 7-16-2010
1.289993999999993, 0.23001099999999042, 0.36999500000001717, -0.1499939999999924, 7-17-2010
1.2799989999999895, -0.1499939999999924, 0.039992999999981294, -0.24000499999999647, 7-18-2010
1.4700090000000046, -0.24000499999999647, 0.6300050000000113, -1.0399940000000072, 7-19-2010
2.360000999999997, -1.0399940000000072, -0.5900039999999933, 0.9699939999999856, 7-20-2010
1.9399949999999961, 0.9699939999999856, 0.8500060000000076, 1.5099950000000035, 7-21-2010
1.9499969999999962, 1.5099950000000035, -0.7299959999999999, 0.3399959999999851, 8-1-2010
1.7099910000000023, 0.3399959999999851, 0.09001200000000154, 0.8099970000000098, 8-2-2010
1.6499939999999924, 0.8099970000000098, -0.5400080000000003, 1.1000060000000076, 8-3-2010
1.4499969999999962, 1.1000060000000076, -1.419998000000021, -0.2700049999999976, 8-4-2010
1.7200009999999963, -0.2700049999999976, 0.6499940000000208, 1.2100069999999903, 8-5-2010
1.940002000000021, 1.2100069999999903, -0.8200070000000039, 0.6600030000000174, 8-6-2010
1.7200009999999963, 0.6600030000000174, -1.1499940000000208, -0.8599999999999852, 8-7-2010
1.2299950000000024, -0.8599999999999852, -2.1400000000000006, 0.6100009999999969, 8-8-2010
1.260002, 0.6100009999999969, -0.3400040000000075, -0.0899959999999993, 8-9-2010
1.130004999999997, -0.0899959999999993, -0.40000200000000063, 0.29999600000000726, 8-10-2010
1.2699970000000036, 0.29999600000000726, 1.0600050000000039, -0.38000500000001125, 8-11-2010
1.950004000000007, -0.38000500000001125, 0.41999799999999254, 0.5200040000000001, 8-12-2010
2.3999939999999924, 0.5200040000000001, -0.7200009999999963, 0.22999599999999987, 8-13-2010
1.5699920000000134, 0.22999599999999987, -0.17999299999999607, -1.2200009999999963, 8-14-2010
2.0199970000000036, -1.2200009999999963, 0.06999999999999318, -1.0999989999999968, 8-15-2010
1.5899969999999968, -1.0999989999999968, -1.260002, -0.30999699999999564, 8-16-2010
1.4499970000000104, -0.30999699999999564, -0.33000200000000746, 0.6999970000000104, 8-17-2010
1.5999979999999994, 0.6999970000000104, 0.5100020000000001, -3.0, 8-18-2010
3.0, -3.0, 1.0500029999999896, 0.9000010000000032, 8-19-2010
2.380004999999997, 0.9000010000000032, 0.34999899999999684, -1.6799999999999926, 8-20-2010
1.869995000000003, -1.6799999999999926, -0.09000400000000752, -0.18000099999999009, 8-21-2010
1.7099989999999963, -0.18000099999999009, 2.18000099999999, 0.4599990000000105, 8-22-2010
1.7900009999999895, 0.4599990000000105, 0.26000200000000007, -0.9899979999999999, 9-1-2010
1.5800009999999958, -0.9899979999999999, 1.1799999999999926, 1.360000999999997, 9-2-2010
1.6999959999999987, 1.360000999999997, -0.5900039999999933, -1.0400010000000037, 9-3-2010
1.4800039999999939, -1.0400010000000037, 0.07000000000000739, 0.06000499999998965, 9-4-2010
1.1299980000000005, 0.06000499999998965, 1.1899950000000104, -0.9099960000000067, 9-5-2010
1.4199979999999925, -0.9099960000000067, 0.629997000000003, 1.0, 9-6-2010
2.0299910000000096, 1.0, 0.6400070000000113, 0.9799959999999999, 9-7-2010
1.4799959999999999, 0.9799959999999999, -1.180008000000015, 0.4200130000000115, 9-8-2010
1.4900049999999965, 0.4200130000000115, -0.20001200000001518, 0.7799990000000037, 9-9-2010
1.4200139999999806, 0.7799990000000037, -0.22999599999999987, 0.47000099999999634, 9-10-2010
1.1499939999999924, 0.47000099999999634, 0.25, 0.27000400000000013, 9-11-2010
0.9000090000000114, 0.27000400000000013, 0.050003000000003794, 1.5499880000000132, 9-12-2010
1.9799950000000024, 1.5499880000000132, -0.3399960000000135, 0.5299990000000037, 9-13-2010
2.020004, 0.5299990000000037, -0.36999499999998875, 0.9600059999999928, 9-14-2010
1.180008000000015, 0.9600059999999928, -1.1500090000000114, 0.25, 9-15-2010
1.5599980000000073, 0.25, 0.75, 1.6900030000000186, 9-16-2010
1.809997999999979, 1.6900030000000186, -0.6000060000000076, 1.1399989999999889, 9-17-2010
1.4900049999999965, 1.1399989999999889, 0.020004000000000133, 0.22000099999999634, 9-18-2010
1.4299919999999986, 0.22000099999999634, -0.49000499999999647, 1.0800020000000075, 9-19-2010
1.4600069999999903, 1.0800020000000075, 0.020004000000000133, -1.3600010000000111, 9-20-2010
2.4400030000000186, -1.3600010000000111, 1.3699960000000146, 0.13000399999998535, 9-21-2010
1.1900029999999902, 0.13000399999998535, -0.410002999999989, 0.020004000000000133, 10-1-2010
1.5299990000000037, 0.020004000000000133, 0.9299929999999961, 1.4800109999999904, 10-2-2010
1.7799990000000037, 1.4800109999999904, -0.7799989999999752, 0.9599910000000023, 10-3-2010
1.1300049999999828, 0.9599910000000023, 0.08000199999997903, 0.8000030000000038, 10-4-2010
1.3600010000000111, 0.8000030000000038, -0.3200070000000039, 0.4500120000000152, 10-5-2010
1.0299980000000062, 0.4500120000000152, -0.060012999999997874, 0.8700109999999768, 10-6-2010
1.3000030000000038, 0.8700109999999768, -1.260009999999994, 1.4500120000000152, 10-7-2010
1.7200009999999963, 1.4500120000000152, 0.0599979999999789, 0.45999100000000226, 10-8-2010
1.6999969999999962, 0.45999100000000226, -0.01998899999998116, 1.1499939999999924, 10-9-2010
1.8099980000000073, 1.1499939999999924, 0.6000060000000076, -1.0400080000000003, 10-10-2010
1.5600129999999979, -1.0400080000000003, -0.1600040000000149, 1.930008000000015, 10-11-2010
2.19000299999999, 1.930008000000015, -5.529999000000004, 0.7299959999999999, 10-12-2010
2.6399990000000173, 0.7299959999999999, 0.25, 0.7900080000000003, 10-13-2010
1.7399899999999775, 0.7900080000000003, 0.7399910000000034, 0.020004000000000133, 10-14-2010
2.090011000000004, 0.020004000000000133, 0.31999199999998496, -0.47999599999999987, 10-15-2010
1.2899930000000097, -0.47999599999999987, 0.75, -0.580001999999979, 10-16-2010
1.589995999999985, -0.580001999999979, -0.5500030000000038, 1.3800049999999828, 10-17-2010
3.4700009999999963, 1.3800049999999828, -1.1499939999999924, 1.909988999999996, 10-18-2010
2.570007000000004, 1.909988999999996, 0.41000300000001744, -0.9400020000000211, 10-19-2010
1.5299990000000037, -0.9400020000000211, 0.0, 2.700012000000015, 10-20-2010
3.25, 2.700012000000015, 0.039992999999981294, -0.31999199999998496, 10-21-2010
1.9399879999999996, -0.31999199999998496, 0.5299990000000037, -0.01000999999999408, 11-1-2010
1.0, -0.01000999999999408, 0.40000899999998296, -0.07000700000000393, 11-2-2010
1.830001999999979, -0.07000700000000393, 0.6500090000000114, 1.9699860000000058, 11-3-2010
2.1299890000000232, 1.9699860000000058, -0.849991000000017, 0.9799959999999999, 11-4-2010
1.2599950000000035, 0.9799959999999999, -1.569991999999985, 1.1100009999999827, 11-5-2010
1.3300020000000075, 1.1100009999999827, 0.23999000000000592, -0.5599980000000073, 11-6-2010
1.8999939999999924, -0.5599980000000073, -0.05000299999997537, 0.4600069999999903, 11-7-2010
1.1599879999999985, 0.4600069999999903, -1.8500060000000076, 0.7299959999999999, 11-8-2010
2.1499939999999924, 0.7299959999999999, -0.8399969999999826, -0.849991000000017, 11-9-2010
2.2200009999999963, -0.849991000000017, 0.1499939999999924, -0.25, 11-10-2010
1.4799959999999999, -0.25, -0.7100059999999928, -0.6899879999999996, 11-11-2010
2.200012000000015, -0.6899879999999996, 0.25, -0.5400080000000003, 11-12-2010
1.1000060000000076, -0.5400080000000003, 1.0899960000000135, 1.3200080000000014, 11-13-2010
2.2400049999999965, 1.3200080000000014, 0.020004000000000133, 0.6699979999999925, 11-14-2010
1.3600010000000111, 0.6699979999999925, -1.0500030000000038, 1.3899989999999889, 11-15-2010
1.8699949999999887, 1.3899989999999889, -1.1499939999999924, -1.0600120000000004, 11-16-2010
2.199996999999996, -1.0600120000000004, 0.7700040000000001, 1.8600010000000111, 11-17-2010
2.6199949999999887, 1.8600010000000111, -0.5099950000000035, -1.4000090000000114, 11-18-2010
1.7299959999999999, -1.4000090000000114, -0.36999499999998875, -0.6400000000000148, 11-19-2010
2.1699979999999925, -0.6400000000000148, -0.6499939999999924, -0.7799980000000062, 11-20-2010
1.4799959999999999, -0.7799980000000062, 2.149994000000021, 0.8000029999999754, 11-21-2010
1.6200100000000077, 0.8000029999999754, -0.08000199999997903, 0.8499909999999886, 12-1-2010
1.5500030000000038, 0.8499909999999886, -0.9299929999999961, 1.1300050000000113, 12-2-2010
1.429992999999996, 1.1300050000000113, -0.8400120000000015, 0.45001199999998676, 12-3-2010
1.3499909999999886, 0.45001199999998676, 1.0299990000000037, -2.0, 12-4-2010
2.430008000000015, -2.0, 0.33000200000000746, 0.6299899999999923, 12-5-2010
1.809997999999979, 0.6299899999999923, 0.9600059999999928, -1.6399989999999889, 12-6-2010
2.4199979999999925, -1.6399989999999889, 0.5800020000000075, -0.05999800000000732, 12-7-2010
1.2200009999999963, -0.05999800000000732, 0.31999199999998496, -0.8599999999999852, 12-8-2010
1.1899870000000021, -0.8599999999999852, -0.020004000000000133, 1.5600120000000004, 12-9-2010
1.75, 1.5600120000000004, -0.6900019999999927, -0.4100040000000149, 12-10-2010
1.410002999999989, -0.4100040000000149, 0.11999500000001717, -0.2899930000000097, 12-11-2010
1.1700130000000115, -0.2899930000000097, 0.13999899999998888, 0.3099980000000073, 12-12-2010
1.1000060000000076, 0.3099980000000073, 0.3899989999999889, -0.8800039999999854, 12-13-2010
1.1499940000000208, -0.8800039999999854, 0.48000999999999294, 0.75, 12-14-2010
1.660002999999989, 0.75, -0.08000100000000998, 0.2899930000000097, 12-15-2010
0.819991999999985, 0.2899930000000097, -0.05999800000000732, 0.0, 12-16-2010
1.0, 0.0, -0.7700040000000001, 0.22000100000002476, 12-17-2010
0.6999969999999962, 0.22000100000002476, -0.029998000000006186, 0.40000899999998296, 12-18-2010
1.089995999999985, 0.40000899999998296, 0.2899930000000097, 0.5200040000000001, 12-19-2010
1.7899930000000097, 0.5200040000000001, -0.16000299999998902, 0.3099969999999814, 12-20-2010
0.8600010000000111, 0.3099969999999814, 0.05999800000000732, 0.02999900000000366, 12-21-2010
1.1100000000000136, 0.02999900000000366, 0.45001199999998676, 0.2699890000000096, 12-22-2010
1.0599980000000073, 0.2699890000000096, 0.08000200000000746, 0.08000099999998156, 1-1-2011
1.5800020000000075, 0.08000099999998156, -0.3000029999999754, -0.2899930000000097, 1-2-2011
0.75, -0.2899930000000097, 0.08000200000000746, 1.5299989999999752, 1-3-2011
1.9699860000000058, 1.5299989999999752, 0.12998900000002322, -0.8600000000000136, 1-4-2011
1.9199990000000184, -0.8600000000000136, -0.3499909999999886, 0.059996999999981426, 1-5-2011
0.8300020000000075, 0.059996999999981426, 0.5599980000000073, -0.9199979999999925, 1-6-2011
1.6000060000000076, -0.9199979999999925, 0.7100059999999928, 1.1100010000000111, 1-7-2011
1.6199950000000172, 1.1100010000000111, 0.13999899999998888, -0.41999799999999254, 1-8-2011
1.0399930000000097, -0.41999799999999254, 0.06999199999998496, 1.1100010000000111, 1-9-2011
1.5299990000000037, 1.1100010000000111, -0.17999299999999607, 0.8299869999999885, 1-10-2011
2.080001999999979, 0.8299869999999885, 2.610001000000011, 2.430006999999989, 1-11-2011
3.300003000000004, 2.430006999999989, -1.160002999999989, 1.2700040000000001, 1-12-2011
1.510009999999994, 1.2700040000000001, 0.5999909999999886, -0.8999939999999924, 1-13-2011
1.8199920000000134, -0.8999939999999924, -0.08000200000000746, 4.210007000000019, 1-14-2011
4.459991000000002, 4.210007000000019, -0.41999800000002097, 2.2299950000000024, 1-15-2011
5.350006000000008, 2.2299950000000024, 0.22999599999999987, -0.6300049999999828, 1-16-2011
1.4799959999999999, -0.6300049999999828, 0.38999999999998636, -0.35998599999999215, 1-17-2011
1.319991999999985, -0.35998599999999215, -0.020004000000000133, -1.8399960000000135, 1-18-2011
3.25, -1.8399960000000135, -0.030013999999994212, 2.820007000000004, 1-19-2011
3.320007000000004, 2.820007000000004, 0.11000100000001112, 1.4499969999999962, 1-20-2011
1.9400019999999927, 1.4499969999999962, -0.1600040000000149, -0.09999099999998862, 2-1-2011
0.9900049999999965, -0.09999099999998862, -0.1399990000000173, 0.36999500000001717, 2-2-2011
1.3899989999999889, 0.36999500000001717, -0.050003000000003794, 0.5200040000000001, 2-3-2011
0.9199979999999925, 0.5200040000000001, 0.08000200000000746, 0.7400049999999965, 2-4-2011
0.9700009999999963, 0.7400049999999965, 0.0, 1.2299959999999999, 2-5-2011
1.929992999999996, 1.2299959999999999, -0.43000800000001504, -0.9700009999999963, 2-6-2011
1.8699949999999887, -0.9700009999999963, -0.75, 0.1900020000000211, 2-7-2011
1.820007000000004, 0.1900020000000211, -0.11000000000001364, -0.12998999999999228, 2-8-2011
1.6999969999999962, -0.12998999999999228, 0.3299869999999885, -0.9599919999999997, 2-9-2011
1.5299990000000037, -0.9599919999999997, -0.33000200000000746, -0.05000299999997537, 2-10-2011
1.0500030000000038, -0.05000299999997537, 0.49000599999999395, 0.06999199999998496, 2-11-2011
0.8500060000000076, 0.06999199999998496, -0.09999099999998862, 0.9400019999999927, 2-12-2011
1.819991999999985, 0.9400019999999927, 0.2200019999999938, 0.3799890000000232, 2-13-2011
0.7399900000000059, 0.3799890000000232, -1.2699890000000096, -1.6200100000000077, 2-14-2011
2.479996, -1.6200100000000077, -0.13999899999998888, -1.6300050000000113, 2-15-2011
2.539994000000007, -1.6300050000000113, -0.5499879999999848, 1.1399989999999889, 2-16-2011
2.2400049999999965, 1.1399989999999889, 0.2899940000000072, 1.2200009999999963, 2-17-2011
1.4799950000000024, 1.2200009999999963, 0.08000200000000746, -0.47999599999999987, 2-18-2011
1.75, -0.47999599999999987, 1.2699889999999812, -3.179992999999996, 2-19-2011
3.269988999999981, -3.179992999999996, -0.5400080000000003, 0.7300109999999904, 3-1-2011
1.6999970000000246, 0.7300109999999904, 1.259994000000006, 2.0599980000000073, 3-2-2011
2.729996, 2.0599980000000073, -0.08000200000000746, -1.569991999999985, 3-3-2011
3.660004000000015, -1.569991999999985, -0.22999599999999987, -1.6700130000000115, 3-4-2011
4.129989999999992, -1.6700130000000115, -0.22999599999999987, 2.5800020000000075, 3-5-2011
4.219986000000006, 2.5800020000000075, 1.1900019999999927, 2.390000000000015, 3-6-2011
4.440001999999993, 2.390000000000015, -1.2200020000000222, -2.6199949999999887, 3-7-2011
3.2899929999999813, -2.6199949999999887, 0.3799899999999923, 0.02999900000000366, 3-8-2011
2.400008999999983, 0.02999900000000366, -1.2699890000000096, 0.2299950000000024, 3-9-2011
1.8899999999999864, 0.2299950000000024, -4.039992999999981, 1.6699979999999925, 3-10-2011
2.7599939999999776, 1.6699979999999925, -2.5, -3.520004, 3-11-2011
5.26998900000001, -3.520004, 1.0, 0.17999299999999607, 3-12-2011
1.8000030000000038, 0.17999299999999607, 2.320007000000004, -0.6100010000000111, 3-13-2011
2.6299899999999923, -0.6100010000000111, 1.75, 0.03999400000000719, 3-14-2011
2.5599980000000073, 0.03999400000000719, 0.8800050000000113, -0.5599980000000073, 3-15-2011
1.089997000000011, -0.5599980000000073, 0.0, 1.5299990000000037, 3-16-2011
2.550003000000004, 1.5299990000000037, 0.6999969999999962, -0.19000299999999015, 3-17-2011
1.8700109999999768, -0.19000299999999015, 0.9400029999999902, 1.1999969999999962, 3-18-2011
1.980009999999993, 1.1999969999999962, -0.6399999999999864, -0.16999800000002097, 3-19-2011
1.4600070000000187, -0.16999800000002097, -0.02999899999997524, 1.5400089999999977, 3-20-2011
1.940002000000021, 1.5400089999999977, 0.6699979999999925, 0.050003000000003794, 3-21-2011
0.9700009999999963, 0.050003000000003794, -0.20001200000001518, -0.3299869999999885, 3-22-2011
0.9899910000000034, -0.3299869999999885, 0.6299899999999923, 0.5700070000000039, 3-23-2011
1.3800049999999828, 0.5700070000000039, 0.1499939999999924, -0.16999799999999254, 4-1-2011
1.1499939999999924, -0.16999799999999254, -0.4400019999999927, 0.18000699999998915, 4-2-2011
1.0800020000000075, 0.18000699999998915, 0.34999100000001704, -0.3000030000000038, 4-3-2011
0.9400019999999927, -0.3000030000000038, 0.060012999999997874, 0.27999900000000366, 4-4-2011
1.2700040000000001, 0.27999900000000366, -0.02999900000000366, -0.3000030000000038, 4-5-2011
1.2200010000000248, -0.3000030000000038, -0.6100010000000111, 0.5099950000000035, 4-6-2011
0.8899989999999889, 0.5099950000000035, -0.5899959999999851, -0.11000100000001112, 4-7-2011
1.4700009999999963, -0.11000100000001112, 0.7200009999999963, -0.020004000000000133, 4-8-2011
1.2699890000000096, -0.020004000000000133, -0.1100009999999827, 1.1300049999999828, 4-9-2011
2.1999970000000246, 1.1300049999999828, 0.02999900000000366, 1.2100069999999903, 4-10-2011
1.4700010000000248, 1.2100069999999903, -1.5700080000000014, 1.3000030000000038, 4-11-2011
3.3000029999999754, 1.3000030000000038, -0.2299950000000024, -0.3100129999999979, 4-12-2011
1.9400030000000186, -0.3100129999999979, -2.299987999999985, 1.6499939999999924, 4-13-2011
3.699996999999996, 1.6499939999999924, 0.8800050000000113, 2.6499939999999924, 4-14-2011
3.589995999999985, 2.6499939999999924, -0.6300050000000113, 0.020004000000000133, 4-15-2011
1.5400080000000003, 0.020004000000000133, 0.3200070000000039, 0.5, 4-16-2011
1.8000030000000038, 0.5, 0.11999600000001465, 1.7599939999999776, 4-17-2011
2.1299890000000232, 1.7599939999999776, -0.3799899999999923, 0.7899940000000072, 4-18-2011
1.680008000000015, 0.7899940000000072, 0.3200070000000039, -0.5200040000000001, 4-19-2011
2.520004, -0.5200040000000001, 1.5299990000000037, 0.039992999999981294, 4-20-2011
2.0499880000000132, 0.039992999999981294, -0.1499939999999924, 0.8699949999999887, 5-1-2011
2.25, 0.8699949999999887, -0.5099939999999776, -1.7400060000000224, 5-2-2011
3.0299989999999752, -1.7400060000000224, -0.1499939999999924, -2.009994000000006, 5-3-2011
3.3699949999999887, -2.009994000000006, 0.5699920000000134, -0.14000000000001478, 5-4-2011
1.909988999999996, -0.14000000000001478, -0.5, 0.7100070000000187, 5-5-2011
1.5400080000000003, 0.7100070000000187, 0.1499939999999924, 1.1300050000000113, 5-6-2011
1.679992999999996, 1.1300050000000113, -0.08000200000000746, -0.8000030000000038, 5-7-2011
2.699996999999996, -0.8000030000000038, 0.1499939999999924, 2.590011000000004, 5-8-2011
4.120010000000008, 2.590011000000004, -0.5400080000000003, -1.7799990000000037, 5-9-2011
2.7099919999999997, -1.7799990000000037, -0.10999999999998522, -0.9499969999999962, 5-10-2011
2.3300009999999816, -0.9499969999999962, -1.0099950000000035, 2.6499939999999924, 5-11-2011
4.880004999999983, 2.6499939999999924, -0.3999939999999924, 0.3399959999999851, 5-12-2011
1.7299950000000024, 0.3399959999999851, 0.41999900000001844, -0.2700049999999976, 5-13-2011
2.0799869999999885, -0.2700049999999976, -0.1900020000000211, -0.23999000000000592, 5-14-2011
1.7699889999999812, -0.23999000000000592, -1.580001999999979, -0.3200070000000039, 5-15-2011
1.6199949999999887, -0.3200070000000039, 0.24000499999999647, -0.5099950000000035, 5-16-2011
1.160002999999989, -0.5099950000000035, -0.3599999999999852, 0.11999499999998875, 5-17-2011
0.8899989999999889, 0.11999499999998875, -0.2899930000000097, -0.2800139999999942, 5-18-2011
1.6000060000000076, -0.2800139999999942, 0.7300109999999904, -0.4100039999999865, 5-19-2011
1.4700009999999963, -0.4100039999999865, 0.9400019999999927, 0.4899910000000034, 5-20-2011
2.069991999999985, 0.4899910000000034, -0.02999900000000366, -2.339995999999985, 5-21-2011
3.0800020000000075, -2.339995999999985, -0.11999600000001465, -0.35000599999997917, 6-1-2011
1.3899990000000173, -0.35000599999997917, -1.7899930000000097, 0.75, 6-2-2011
1.7599939999999776, 0.75, -0.29000800000000027, -0.009995000000003529, 6-3-2011
1.3099980000000073, -0.009995000000003529, 0.3600010000000111, -1.4199990000000184, 6-4-2011
1.6300039999999854, -1.4199990000000184, -0.41999799999999254, 1.0699920000000134, 6-5-2011
1.590011000000004, 1.0699920000000134, 0.66999899999999, -0.16999899999999002, 6-6-2011
1.2000119999999868, -0.16999899999999002, -0.2699890000000096, -1.3900140000000079, 6-7-2011
1.9700010000000248, -1.3900140000000079, 1.2600089999999966, -1.2700040000000001, 6-8-2011
1.7300109999999904, -1.2700040000000001, 0.6999969999999962, 0.25, 6-9-2011
0.9200130000000115, 0.25, -1.3699949999999887, -0.41999799999999254, 6-10-2011
1.8899999999999864, -0.41999799999999254, -0.27000400000000013, 0.6099999999999852, 6-11-2011
1.8500060000000076, 0.6099999999999852, 1.570007000000004, 0.1999969999999962, 6-12-2011
1.5200040000000001, 0.1999969999999962, -0.7400049999999965, 1.320007000000004, 6-13-2011
2.0200049999999976, 1.320007000000004, 0.17999299999999607, 1.0200040000000001, 6-14-2011
2.75, 1.0200040000000001, -0.6300049999999828, 0.08999699999998256, 6-15-2011
1.7099919999999997, 0.08999699999998256, -1.6199949999999887, 2.0599969999999814, 6-16-2011
2.929992999999996, 2.0599969999999814, -0.26998899999998116, -0.7799990000000037, 6-17-2011
1.3699949999999887, -0.7799990000000037, 0.6699979999999925, 1.8799899999999923, 6-18-2011
3.029998000000006, 1.8799899999999923, 0.7100070000000187, 1.679992999999996, 6-19-2011
2.6900019999999927, 1.679992999999996, 0.6000060000000076, -0.0700080000000014, 6-20-2011
1.0399940000000072, -0.0700080000000014, 0.5700080000000014, 0.4400019999999927, 6-21-2011
1.6999969999999962, 0.4400019999999927, 0.05999800000000732, 2.9299919999999986, 6-22-2011
3.159988999999996, 2.9299919999999986, -1.0199890000000096, 1.909988999999996, 7-1-2011
1.909988999999996, 1.909988999999996, -0.2399910000000034, 2.5200049999999976, 7-2-2011
2.6800079999999866, 2.5200049999999976, -0.9300079999999866, -0.3000030000000038, 7-3-2011
1.1500090000000114, -0.3000030000000038, -0.9899910000000034, 1.0, 7-4-2011
1.480009999999993, 1.0, -1.590011000000004, 0.09001100000000406, 7-5-2011
1.5399929999999813, 0.09001100000000406, -0.0600120000000004, -0.8799899999999923, 7-6-2011
1.4799959999999999, -0.8799899999999923, 0.8499909999999886, -0.5799869999999885, 7-7-2011
2.320007000000004, -0.5799869999999885, 0.07998699999998848, -0.16999799999999254, 7-8-2011
2.260009999999994, -0.16999799999999254, 0.8500060000000076, 0.45999100000000226, 7-9-2011
1.8699949999999887, 0.45999100000000226, -0.8099970000000098, 0.5500030000000038, 7-10-2011
2.880004999999983, 0.5500030000000038, 3.460005999999993, 6.470001999999994, 7-11-2011
6.560012999999998, 6.470001999999994, -1.3700109999999768, -0.1900020000000211, 7-12-2011
1.4199979999999925, -0.1900020000000211, -0.0599979999999789, 1.309997999999979, 7-13-2011
2.6000060000000076, 1.309997999999979, -0.25999500000000353, 0.5399940000000072, 7-14-2011
1.3700100000000077, 0.5399940000000072, -1.2899940000000072, -0.19000199999999268, 7-15-2011
1.6800079999999866, -0.19000199999999268, -0.7599950000000035, -0.010008999999996604, 7-16-2011
1.4000090000000114, -0.010008999999996604, -0.9199979999999925, -0.6599889999999959, 7-17-2011
1.9800109999999904, -0.6599889999999959, -0.29000800000000027, 0.7400049999999965, 7-18-2011
2.389998999999989, 0.7400049999999965, -1.5400080000000003, 1.590011000000004, 7-19-2011
3.699996999999996, 1.590011000000004, 0.75, -1.8500060000000076, 7-20-2011
5.190001999999993, -1.8500060000000076, -0.8000030000000038, -1.8999939999999924, 8-1-2011
4.429991999999999, -1.8999939999999924, -0.38000500000001125, 1.160004000000015, 8-2-2011
3.8199920000000134, 1.160004000000015, -2.3300020000000075, -5.020004, 8-3-2011
6.7400049999999965, -5.020004, 0.6200100000000077, 0.8799899999999923, 8-4-2011
7.699996999999996, 0.8799899999999923, -4.149993999999992, -2.610001000000011, 8-5-2011
6.610001000000011, -2.610001000000011, 1.240005999999994, 3.149994000000021, 8-6-2011
9.050003000000004, 3.149994000000021, -2.430008000000015, -5.639999999999986, 8-7-2011
7.379989999999992, -5.639999999999986, 1.5600129999999979, 2.6299899999999923, 8-8-2011
5.8300020000000075, 2.6299899999999923, 1.7700040000000001, -0.3000030000000038, 8-9-2011
3.550003000000004, -0.3000030000000038, 3.1200100000000077, 1.6699979999999925, 8-10-2011
3.610001000000011, 1.6699979999999925, -0.8000030000000038, -0.9499969999999962, 8-11-2011
3.1900019999999927, -0.9499969999999962, 0.33000200000000746, -0.09001100000000406, 8-12-2011
3.1000060000000076, -0.09001100000000406, -5.159988999999996, -2.4900049999999965, 8-13-2011
6.300003000000004, -2.4900049999999965, -1.660004000000015, -4.630004999999983, 8-14-2011
6.809996999999981, -4.630004999999983, 3.810012999999998, -2.3700100000000077, 8-15-2011
4.059998000000007, -2.3700100000000077, 1.6699979999999925, 3.6700130000000115, 8-16-2011
5.05999700000001, 3.6700130000000115, -0.19000199999999268, 2.6299899999999923, 8-17-2011
3.479996, 2.6299899999999923, 0.7600089999999966, -1.9400019999999927, 8-18-2011
3.679992999999996, -1.9400019999999927, -0.7299959999999999, 4.289992999999981, 8-19-2011
6.050003000000004, 4.289992999999981, 1.4400030000000186, 2.0399929999999813, 8-20-2011
2.359999999999985, 2.0399929999999813, -0.5599969999999814, 0.4499969999999962, 8-21-2011
2.6299899999999923, 0.4499969999999962, 0.7799980000000062, -1.3799890000000232, 8-22-2011
3.009994000000006, -1.3799890000000232, 0.8000030000000038, -2.380004999999983, 8-23-2011
3.5599980000000073, -2.380004999999983, -2.640000000000015, -0.7100059999999928, 9-1-2011
2.929992999999996, -0.7100059999999928, -3.9199979999999925, 2.050003000000004, 9-2-2011
3.3500060000000076, 2.050003000000004, 2.1699979999999925, 0.02999900000000366, 9-3-2011
1.739990000000006, 0.02999900000000366, -0.3099980000000073, -1.75, 9-4-2011
4.479996, -1.75, -0.6799929999999961, -3.200012000000015, 9-5-2011
4.380003999999985, -3.200012000000015, -1.330001999999979, 2.380004999999983, 9-6-2011
3.680006999999989, 2.380004999999983, 1.2200009999999963, -0.2100059999999928, 9-7-2011
2.380004999999983, -0.2100059999999928, 0.5800020000000075, 3.230009999999993, 9-8-2011
7.66999899999999, 3.230009999999993, 1.3999939999999924, 1.4499970000000246, 9-9-2011
2.9300079999999866, 1.4499970000000246, 1.240005999999994, 1.660002999999989, 9-10-2011
3.25, 1.660002999999989, -3.4900049999999965, 3.6300050000000113, 9-11-2011
4.440001999999993, 3.6300050000000113, 0.4400019999999927, 1.1499939999999924, 9-12-2011
4.729996, 1.1499939999999924, 0.27999900000000366, -1.9799959999999999, 9-13-2011
5.050003000000004, -1.9799959999999999, -4.690001999999993, 0.2899929999999813, 9-14-2011
3.4700009999999963, 0.2899929999999813, -1.6299899999999923, 2.349991000000017, 9-15-2011
3.779998000000006, 2.349991000000017, 1.6200109999999768, 3.5499880000000132, 9-16-2011
4.839995999999985, 3.5499880000000132, 2.3100120000000004, 0.8899999999999864, 9-17-2011
3.1900019999999927, 0.8899999999999864, 0.25999400000000605, -0.41999799999999254, 9-18-2011
3.6699979999999925, -0.41999799999999254, 2.139998999999989, -0.5200040000000001, 9-19-2011
5.380004999999983, -0.5200040000000001, -3.160002999999989, -1.1400000000000148, 9-20-2011
3.520004, -1.1400000000000148, -0.5099939999999776, -1.0700080000000014, 9-21-2011
4.880004999999983, -1.0700080000000014, -1.75, 3.2000119999999868, 10-1-2011
6.190001999999993, 3.2000119999999868, -0.16999799999999254, 2.2799990000000037, 10-2-2011
4.620010000000008, 2.2799990000000037, -0.040008000000000266, 4.880003999999985, 10-3-2011
6.33000100000001, 4.880003999999985, 0.6300050000000113, 0.06999199999998496, 10-4-2011
2.0800020000000075, 0.06999199999998496, 0.6100010000000111, 3.6199949999999887, 10-5-2011
3.730011000000019, 3.6199949999999887, -2.0299989999999752, 0.4100039999999865, 10-6-2011
1.8899989999999889, 0.4100039999999865, 1.0800020000000075, 0.039992999999981294, 10-7-2011
2.3500060000000076, 0.039992999999981294, -1.1499939999999924, 1.8500060000000076, 10-8-2011
3.0, 1.8500060000000076, 1.3699949999999887, 2.339997000000011, 10-9-2011
2.800003000000004, 2.339997000000011, -0.8199920000000134, -3.1200109999999768, 10-10-2011
4.260009999999994, -3.1200109999999768, -8.589996000000014, 0.8999939999999924, 10-11-2011
3.1300050000000113, 0.8999939999999924, 0.7799990000000037, -2.289994000000007, 10-12-2011
2.800003000000004, -2.289994000000007, 0.7400060000000224, -0.8800050000000113, 10-13-2011
3.070007000000004, -0.8800050000000113, 1.8600010000000111, 2.520004, 10-14-2011
2.9199979999999925, 2.520004, -0.12001000000000772, 0.7400049999999965, 10-15-2011
2.770004, 0.7400049999999965, -0.5899960000000135, -1.3000029999999754, 10-16-2011
2.960005999999993, -1.3000029999999754, 1.3800039999999854, 0.22999599999999987, 10-17-2011
3.25, 0.22999599999999987, 3.020004, 0.8900000000000148, 10-18-2011
3.820007000000004, 0.8900000000000148, -0.3099980000000073, 1.8799899999999923, 10-19-2011
2.7900080000000003, 1.8799899999999923, -1.8600009999999827, -0.9599910000000023, 10-20-2011
2.2799989999999752, -0.9599910000000023, -3.0800020000000075, -0.1999969999999962, 10-21-2011
2.519990000000007, -0.1999969999999962, 2.6499939999999924, -0.08000200000000746, 11-1-2011
2.2200009999999963, -0.08000200000000746, 1.2100070000000187, 2.1699979999999925, 11-2-2011
3.7599950000000035, 2.1699979999999925, -1.0299990000000037, 0.11000100000001112, 11-3-2011
2.3999939999999924, 0.11000100000001112, -0.1600040000000149, 1.1000060000000076, 11-4-2011
2.979996, 1.1000060000000076, 0.15998899999999594, -0.22999599999999987, 11-5-2011
2.3700100000000077, -0.22999599999999987, -3.050003000000004, -1.9599919999999997, 11-6-2011
4.08000100000001, -1.9599919999999997, 1.339997000000011, -0.22999599999999987, 11-7-2011
2.9000090000000114, -0.22999599999999987, 1.9199979999999925, 2.110001000000011, 11-8-2011
2.6900030000000186, 2.110001000000011, 1.7899929999999813, -1.819991999999985, 11-9-2011
2.989990000000006, -1.819991999999985, 0.13999899999998888, 1.2599950000000035, 11-10-2011
4.3300020000000075, 1.2599950000000035, -0.9299929999999961, -1.2000120000000152, 11-11-2011
3.5999909999999886, -1.2000120000000152, 0.19000300000001857, -1.0800020000000075, 11-12-2011
5.440003000000019, -1.0800020000000075, 0.9800109999999904, -1.4700019999999938, 11-13-2011
2.30999700000001, -1.4700019999999938, -1.8700100000000077, -1.8899989999999889, 11-14-2011
3.9600069999999903, -1.8899989999999889, 0.7400049999999965, -0.910002999999989, 11-15-2011
2.69000299999999, -0.910002999999989, -0.6400000000000148, -2.7200009999999963, 11-16-2011
3.9700009999999963, -2.7200009999999963, 0.05999800000000732, -0.9499969999999962, 11-17-2011
2.5, -0.9499969999999962, 5.650008999999983, -0.5, 11-18-2011
2.2599950000000035, -0.5, -0.19000299999999015, -1.0800020000000075, 11-19-2011
2.470001999999994, -1.0800020000000075, 3.6300050000000113, 3.429992999999996, 11-20-2011
4.139999000000017, 3.429992999999996, -0.9900049999999965, 2.4400019999999927, 11-21-2011
3.2200009999999963, 2.4400019999999927, 0.47000099999999634, -0.25999400000000605, 12-1-2011
1.8800050000000113, -0.25999400000000605, 1.5199890000000096, -0.33999699999998256, 12-2-2011
3.229996, -0.33999699999998256, -0.1900020000000211, 2.2900080000000003, 12-3-2011
3.2099919999999997, 2.2900080000000003, -0.9499969999999962, 2.0599980000000073, 12-4-2011
3.6199949999999887, 2.0599980000000073, -1.570007000000004, -0.8999939999999924, 12-5-2011
2.729996, -0.8999939999999924, 1.330001999999979, 1.6499940000000208, 12-6-2011
2.4700009999999963, 1.6499940000000208, -0.9199990000000184, -1.4600059999999928, 12-7-2011
2.679992999999996, -1.4600059999999928, 1.2800139999999942, -2.310012999999998, 12-8-2011
3.660004000000015, -2.310012999999998, -1.309997999999979, -1.1199950000000172, 12-9-2011
2.2799990000000037, -1.1199950000000172, 1.7599950000000035, -3.0, 12-10-2011
4.309998000000007, -3.0, 0.5299990000000037, -4.439988, 12-11-2011
6.099991000000017, -4.439988, 0.9399879999999996, -1.6199960000000146, 12-12-2011
2.4400019999999927, -1.6199960000000146, 2.610001000000011, 1.7400049999999965, 12-13-2011
2.570007000000004, 1.7400049999999965, -4.020004, -1.75, 12-14-2011
4.46000699999999, -1.75, 1.240005999999994, -0.6700139999999806, 12-15-2011
1.8000030000000038, -0.6700139999999806, 1.0700080000000014, 1.6399989999999889, 12-16-2011
2.9600070000000187, 1.6399989999999889, 0.22000099999999634, -0.020004000000000133, 12-17-2011
1.4600070000000187, -0.020004000000000133, 0.24000499999999647, -1.1999969999999962, 12-18-2011
2.059997999999979, -1.1999969999999962, 0.08000200000000746, 2.109985999999992, 12-19-2011
2.2200009999999963, 2.109985999999992, 0.15000900000001138, -2.449996999999996, 12-20-2011
2.7100069999999903, -0.4299929999999961, -0.7299959999999999, -0.030013999999994212, 1-1-2012
1.3900000000000148, -0.030013999999994212, -0.7299950000000024, -0.14999400000002083, 1-2-2012
1.929992999999996, -0.14999400000002083, -0.2700049999999976, -1.8500059999999792, 1-3-2012
2.1699979999999925, -1.8500059999999792, -0.3399960000000135, -0.6100009999999827, 1-4-2012
2.0, -0.6100009999999827, 1.6399999999999864, -1.9199979999999925, 1-5-2012
2.520004, -1.9199979999999925, -0.5800020000000075, 1.590011000000004, 1-6-2012
2.3099980000000073, 1.590011000000004, -0.4600059999999928, -1.3099980000000073, 1-7-2012
3.5299989999999752, -1.3099980000000073, -1.070007000000004, -0.3199920000000134, 1-8-2012
2.2599950000000035, -0.3199920000000134, 1.1999970000000246, -0.3600010000000111, 1-9-2012
2.679992999999996, -0.3600010000000111, -0.16999799999999254, 1.2400049999999965, 1-10-2012
2.1000060000000076, 1.2400049999999965, 0.7199860000000058, -1.2699890000000096, 1-11-2012
2.0099950000000035, -1.2699890000000096, 5.25, 2.75, 1-12-2012
4.220000999999996, 2.75, -0.6100000000000136, 2.0699920000000134, 1-13-2012
2.8500060000000076, 2.0699920000000134, -1.3499909999999886, 3.299987999999985, 1-14-2012
3.7799990000000037, 3.299987999999985, -0.5999909999999886, 0.3999939999999924, 1-15-2012
2.6300039999999854, 0.3999939999999924, 0.05999700000000985, -0.8099970000000098, 1-16-2012
2.3199920000000134, -0.8099970000000098, -0.9700009999999963, 0.45001199999998676, 1-17-2012
1.9600059999999928, 0.45001199999998676, -1.0700080000000014, 3.110001000000011, 1-18-2012
4.5099950000000035, 3.110001000000011, 0.5899960000000135, -0.4899900000000059, 1-19-2012
2.1000060000000076, -0.4899900000000059, 0.6100009999999827, -0.5900120000000015, 1-20-2012
2.399994000000021, -0.5900120000000015, 0.10000600000000759, -1.1900019999999927, 2-1-2012
2.0, -1.1900019999999927, 1.3999939999999924, 0.7100059999999928, 2-2-2012
1.5900120000000015, 0.7100059999999928, -1.160002999999989, 0.34001100000000406, 2-3-2012
1.7599950000000035, 0.34001100000000406, -0.3700100000000077, 0.9000090000000114, 2-4-2012
2.1699979999999925, 0.9000090000000114, -0.5700070000000039, 0.16999799999999254, 2-5-2012
1.8500060000000076, 0.16999799999999254, 0.08000200000000746, 0.10000600000000759, 2-6-2012
1.9100039999999865, 0.10000600000000759, -1.3700100000000077, 0.660002999999989, 2-7-2012
1.1499939999999924, 0.660002999999989, 0.8900000000000148, -0.6900030000000186, 2-8-2012
1.9499969999999962, -0.6900030000000186, -0.8599999999999852, 0.4600059999999928, 2-9-2012
1.7700040000000001, 0.4600059999999928, 0.08999700000001098, -0.05999800000000732, 2-10-2012
2.180006999999989, -0.05999800000000732, 0.3600010000000111, 0.410002999999989, 2-11-2012
1.25, 0.410002999999989, 0.6900029999999902, -0.29000899999999774, 2-12-2012
1.5599980000000073, -0.29000899999999774, 0.3099980000000073, -0.339997000000011, 2-13-2012
1.7799980000000062, -0.339997000000011, -0.3599999999999852, 0.8399959999999851, 2-14-2012
1.9900049999999965, 0.8399959999999851, 0.0, 3.7400060000000224, 2-15-2012
5.949996999999996, 3.7400060000000224, 0.7700040000000001, -0.6200100000000077, 2-16-2012
1.9499969999999962, -0.6200100000000077, -0.9799959999999999, 0.75, 2-17-2012
2.6100009999999827, 0.75, 0.22000099999999634, 0.22999599999999987, 2-18-2012
1.5300139999999942, 0.22999599999999987, -0.11999499999998875, -1.1300050000000113, 2-19-2012
2.7200009999999963, -1.1300050000000113, 0.5, 0.3000030000000038, 2-20-2012
1.5400080000000003, 0.3000030000000038, -0.4299929999999961, 1.7099919999999997, 3-1-2012
1.8300009999999816, 1.7099919999999997, -0.4499969999999962, 2.3000029999999754, 3-2-2012
2.889998999999989, 2.3000029999999754, -1.5200049999999976, -1.8800039999999854, 3-3-2012
2.8300009999999816, -1.8800039999999854, 0.83000100000001, -0.3199920000000134, 3-4-2012
1.2600089999999966, -0.3199920000000134, 1.4700009999999963, 0.5699930000000109, 3-5-2012
1.340011000000004, 0.5699930000000109, 0.16999799999999254, 0.6399989999999889, 3-6-2012
1.3800050000000113, 0.6399989999999889, 0.3099980000000073, 0.07000700000000393, 3-7-2012
1.340011000000004, 0.07000700000000393, 0.7200009999999963, 2.0599980000000073, 3-8-2012
2.2899929999999813, 2.0599980000000073, 0.0, 0.9400019999999927, 3-9-2012
1.5099950000000035, 0.9400019999999927, 0.22000099999999634, 1.0599980000000073, 3-10-2012
1.4399879999999996, 1.0599980000000073, 1.0299990000000037, -1.0200040000000001, 3-11-2012
1.5100089999999966, -1.0200040000000001, -0.29998800000001324, 0.009994000000006054, 3-12-2012
2.0299990000000037, 0.009994000000006054, -0.9799959999999999, -0.49000499999999647, 3-13-2012
1.3000030000000038, -0.49000499999999647, 0.07000700000000393, 0.36999499999998875, 3-14-2012
1.4700009999999963, 0.36999499999998875, -0.6900019999999927, 1.4900049999999965, 3-15-2012
2.029998000000006, 1.4900049999999965, 0.3999939999999924, -0.410002999999989, 3-16-2012
1.400008999999983, -0.410002999999989, 0.9700009999999963, 1.320007000000004, 3-17-2012
1.5999909999999886, 1.320007000000004, 0.6900029999999902, -1.2800139999999942, 3-18-2012
1.6600039999999865, -1.2800139999999942, 0.2600089999999966, -0.15000899999998296, 3-19-2012
2.4199979999999925, -0.15000899999998296, -1.1999969999999962, 2.1800079999999866, 3-20-2012
2.479996, 2.1800079999999866, 0.47000099999999634, -0.09001100000000406, 3-21-2012
1.1099999999999852, -0.09001100000000406, 0.3100129999999979, 0.509994000000006, 3-22-2012
1.6000059999999792, 0.509994000000006, -0.16000299999998902, 0.19000199999999268, 4-1-2012
2.150008999999983, 0.19000199999999268, -3.2799990000000037, -0.16999799999999254, 4-2-2012
1.7899940000000072, -0.16999799999999254, -0.9000090000000114, 0.3200070000000039, 4-3-2012
1.2199860000000058, 0.3200070000000039, -1.070007000000004, 0.5400080000000003, 4-4-2012
2.800003000000004, 0.5400080000000003, 0.0, -2.609999999999985, 4-5-2012
3.570007000000004, -2.609999999999985, 1.660002999999989, -1.410002999999989, 4-6-2012
1.8600000000000136, -1.410002999999989, 0.22000099999999634, 2.520004, 4-7-2012
2.9199990000000184, 2.520004, -1.0, -1.5200040000000001, 4-8-2012
1.8499909999999886, -1.5200040000000001, 1.9400019999999927, -2.020004, 4-9-2012
3.25, -2.020004, 1.8500060000000076, 2.8799899999999923, 4-10-2012
3.4900049999999965, 2.8799899999999923, -5.020004, -2.299987999999985, 4-11-2012
4.070007000000004, -2.299987999999985, -0.10000600000000759, -0.5200040000000001, 4-12-2012
3.7399910000000034, -0.5200040000000001, 0.3200070000000039, -0.22999599999999987, 4-13-2012
1.0299989999999752, -0.22999599999999987, -1.7100070000000187, 0.7299959999999999, 4-14-2012
2.310012999999998, 0.7299959999999999, 0.4400030000000186, 0.9400019999999927, 4-15-2012
3.610001000000011, 0.9400019999999927, 2.020004, 1.5500030000000038, 4-16-2012
1.8899989999999889, 1.5500030000000038, -0.17001300000001152, 2.180008000000015, 4-17-2012
2.810012999999998, 2.180008000000015, 0.8899989999999889, 0.339997000000011, 4-18-2012
2.259994000000006, 0.339997000000011, -0.09999100000001704, 0.36999500000001717, 4-19-2012
1.6399999999999864, 0.36999500000001717, 0.09999099999998862, 0.8200070000000039, 4-20-2012
2.219986000000006, 0.8200070000000039, -1.0299990000000037, 1.089997000000011, 5-1-2012
1.3600000000000136, 1.089997000000011, 0.2100059999999928, -1.0299990000000037, 5-2-2012
2.3699949999999887, -1.0299990000000037, -0.7700040000000001, -1.4799959999999999, 5-3-2012
2.7100070000000187, -1.4799959999999999, -1.0299980000000062, -0.21000699999999028, 5-4-2012
1.8700100000000077, -0.21000699999999028, -1.3099980000000073, -0.9600059999999928, 5-5-2012
3.339997000000011, -0.9600059999999928, -1.4899910000000034, 1.2399910000000034, 5-6-2012
3.9400019999999927, 1.2399910000000034, -0.22999599999999987, -0.3999939999999924, 5-7-2012
3.229996, -0.3999939999999924, -0.6399990000000173, 1.2099910000000023, 5-8-2012
2.1699979999999925, 1.2099910000000023, -1.25, -0.47999599999999987, 5-9-2012
2.150008999999983, -0.47999599999999987, 0.0, -0.40000899999998296, 5-10-2012
2.710005999999993, -0.40000899999998296, 0.38000499999998283, 0.3099980000000073, 5-11-2012
3.1700130000000115, 0.3099980000000073, -0.05999800000000732, -1.7799990000000037, 5-12-2012
3.149994000000021, -1.7799990000000037, 0.8900000000000148, -2.8999939999999924, 5-13-2012
3.619995000000017, -2.8999939999999924, 0.09999099999998862, 1.7799990000000037, 5-14-2012
3.299987999999985, 1.7799990000000037, 0.2799980000000062, -1.2199860000000058, 5-15-2012
2.199996999999996, -1.2199860000000058, -1.2900080000000003, 0.5899959999999851, 5-16-2012
3.2900080000000003, 0.5899959999999851, -0.12998999999999228, 0.09999100000001704, 5-17-2012
2.2799990000000037, 0.09999100000001704, -0.9799950000000024, -0.8099980000000073, 5-18-2012
2.0, -0.8099980000000073, 0.9199979999999925, 1.240005999999994, 5-19-2012
2.860001000000011, 1.240005999999994, -1.6600039999999865, -0.27000400000000013, 5-20-2012
1.6999969999999962, -0.27000400000000013, -0.4299929999999961, -1.2000120000000152, 5-21-2012
2.929992999999996, -1.2000120000000152, -2.7799990000000037, -1.0399929999999813, 5-22-2012
3.1199949999999887, -1.0399929999999813, -0.740005999999994, 0.1999969999999962, 6-1-2012
2.3800050000000113, 0.1999969999999962, -0.6199950000000172, 1.2799990000000037, 6-2-2012
2.2900080000000003, 1.2799990000000037, 1.5800020000000075, 3.210005999999993, 6-3-2012
3.979996, 3.210005999999993, 1.2899940000000072, -0.839997000000011, 6-4-2012
1.8900000000000148, -0.839997000000011, -0.7299950000000024, 1.4299919999999986, 6-5-2012
2.4400019999999927, 1.4299919999999986, 1.4600070000000187, -4.090011000000004, 6-6-2012
4.3300020000000075, -4.090011000000004, -0.36999600000001465, 2.410004000000015, 6-7-2012
2.5299990000000037, 2.410004000000015, -0.19000199999999268, -1.2599950000000035, 6-8-2012
2.839995999999985, -1.2599950000000035, -0.10000600000000759, 2.1000060000000076, 6-9-2012
3.089997000000011, 2.1000060000000076, 0.9799959999999999, 3.020004, 6-10-2012
3.8700100000000077, 3.020004, -1.5299990000000037, 0.7199860000000058, 6-11-2012
2.4700009999999963, 0.7199860000000058, 0.5400089999999977, 0.09999099999998862, 6-12-2012
1.1900019999999927, 0.09999099999998862, -0.22999599999999987, 0.08000200000000746, 6-13-2012
2.2400049999999965, 0.08000200000000746, 0.29000800000000027, -5.680008000000015, 6-14-2012
6.2599950000000035, -5.680008000000015, 0.47999599999999987, -0.16999799999999254, 6-15-2012
1.660004000000015, -0.16999799999999254, -1.2200009999999963, 0.38000500000001125, 6-16-2012
1.7100059999999928, 0.38000500000001125, 0.6799919999999986, -1.5899960000000135, 6-17-2012
2.929992999999996, -1.5899960000000135, 0.19000199999999268, 0.8600010000000111, 6-18-2012
2.800003000000004, 0.8600010000000111, -1.7700040000000001, 0.16999799999999254, 6-19-2012
3.180008000000015, 0.16999799999999254, 3.1500090000000114, 1.0299990000000037, 6-20-2012
3.399994000000021, 1.0299990000000037, 0.7799990000000037, -0.5299990000000037, 6-21-2012
2.3499909999999886, -0.5299990000000037, -0.36999500000001717, 0.4699860000000058, 7-1-2012
1.429992000000027, 0.4699860000000058, -1.0499879999999848, 0.40998799999999846, 7-2-2012
3.2200009999999963, 0.40998799999999846, -1.3699950000000172, -2.509994000000006, 7-3-2012
4.199996999999996, -2.509994000000006, -0.650008999999983, -1.089997000000011, 7-4-2012
2.949996999999996, -1.089997000000011, 0.6300050000000113, -4.040008, 7-5-2012
5.539992999999981, -4.040008, -0.03999400000000719, -0.9700009999999963, 7-6-2012
3.8500060000000076, -0.9700009999999963, -1.0, -1.1600039999999865, 7-7-2012
2.5399929999999813, -1.1600039999999865, 0.3700109999999768, 2.5499880000000132, 7-8-2012
3.300003000000004, 2.5499880000000132, -0.4299929999999961, -0.7900089999999977, 7-9-2012
1.5200040000000001, -0.7900089999999977, 0.9400029999999902, -2.0800020000000075, 7-10-2012
3.0899960000000135, -2.0800020000000075, 0.5, 4.100006000000008, 7-11-2012
5.03999300000001, 4.100006000000008, 5.149993999999992, 1.940002000000021, 7-12-2012
3.8800050000000113, 1.940002000000021, -1.25, -1.6399990000000173, 7-13-2012
2.729996, -1.6399990000000173, -2.6699979999999925, 1.0500030000000038, 7-14-2012
3.1000060000000076, 1.0500030000000038, 0.08999599999998509, -0.580001999999979, 7-15-2012
2.7600089999999966, -0.580001999999979, -0.029998000000006186, 0.7700040000000001, 7-16-2012
3.449996999999996, 0.7700040000000001, 2.410002999999989, 0.45999199999999973, 7-17-2012
2.3799899999999923, 0.45999199999999973, 1.1500090000000114, 1.2899929999999813, 7-18-2012
3.4600069999999903, 1.2899929999999813, -0.06999199999998496, 0.35998599999999215, 7-19-2012
1.919998000000021, 0.35998599999999215, -0.17999299999999607, -0.5200040000000001, 7-20-2012
1.6999969999999962, -0.5200040000000001, 0.9800109999999904, -1.7800139999999942, 7-21-2012
3.1300050000000113, -1.7800139999999942, -1.0199890000000096, 0.2899930000000097, 8-1-2012
3.5800020000000075, 0.2899930000000097, 2.0299990000000037, 2.0400080000000003, 8-2-2012
2.7899930000000097, 2.0400080000000003, 0.2399910000000034, 0.0, 8-3-2012
1.4199979999999925, 0.0, 0.6699979999999925, 0.5, 8-4-2012
2.0800020000000075, 0.5, -1.659988999999996, 0.7599950000000035, 8-5-2012
1.5299980000000062, 0.7599950000000035, -0.4100040000000149, -0.1999969999999962, 8-6-2012
1.5700080000000014, -0.1999969999999962, -0.5500030000000038, 1.419998000000021, 8-7-2012
2.1299899999999923, 1.419998000000021, -0.40998799999999846, 0.12998999999999228, 8-8-2012
2.19000299999999, 0.12998999999999228, -0.12998999999999228, -0.5900120000000015, 8-9-2012
1.6100010000000111, -0.5900120000000015, 0.6100009999999827, -0.5, 8-10-2012
1.410004000000015, -0.5, 0.3700100000000077, 2.0699920000000134, 8-11-2012
3.200012000000015, 2.0699920000000134, 0.24000599999999395, 0.13999899999998888, 8-12-2012
1.3399960000000135, 0.13999899999998888, -0.5299990000000037, -0.19000199999999268, 8-13-2012
1.1000060000000076, -0.19000199999999268, 0.49000499999999647, -2.340011000000004, 8-14-2012
2.6300050000000113, -2.340011000000004, -0.009995000000003529, -1.3899989999999889, 8-15-2012
1.75, -1.3899989999999889, -0.21000699999999028, -1.3399960000000135, 8-16-2012
1.929992999999996, -1.3399960000000135, -0.7399900000000059, 2.80999700000001, 8-17-2012
3.910004000000015, 2.80999700000001, 0.19000299999999015, -2.2700049999999976, 8-18-2012
2.6900019999999927, -2.2700049999999976, -0.13000399999998535, -0.6900030000000186, 8-19-2012
1.6100010000000111, -0.6900030000000186, 0.2600100000000225, -0.050003000000003794, 8-20-2012
1.1399990000000173, -0.050003000000003794, -0.3099980000000073, -1.4000090000000114, 8-21-2012
2.2900080000000003, -1.4000090000000114, 0.9400030000000186, 0.5400080000000003, 8-22-2012
2.489990000000006, 0.5400080000000003, 1.7599950000000035, -2.0700080000000014, 8-23-2012
3.9199979999999925, -2.0700080000000014, -0.12998900000002322, 0.6299890000000232, 9-1-2012
1.9600070000000187, 0.6299890000000232, 1.2200019999999938, 2.840011000000004, 9-2-2012
3.350005999999979, 2.840011000000004, 0.01998899999998116, 0.38000500000001125, 9-3-2012
1.4199979999999925, 0.38000500000001125, -0.11000100000001112, 1.5599980000000073, 9-4-2012
3.090011000000004, 1.5599980000000073, -0.3999939999999924, 2.7200009999999963, 9-5-2012
2.9500119999999868, 2.7200009999999963, 0.25, 0.25, 9-6-2012
1.6899870000000021, 0.25, 0.6100010000000111, 1.9799959999999999, 9-7-2012
3.349991000000017, 1.9799959999999999, -0.11999600000001465, 0.5699930000000109, 9-8-2012
1.5999909999999886, 0.5699930000000109, -1.2599950000000035, 1.5999909999999886, 9-9-2012
2.4400019999999927, 1.5999909999999886, -0.26998899999998116, 0.19000199999999268, 9-10-2012
1.4000090000000114, 0.19000199999999268, 0.47999599999999987, -1.1200100000000077, 9-11-2012
1.5600120000000004, -1.1200100000000077, -0.5799869999999885, 0.3299869999999885, 9-12-2012
1.6900019999999927, 0.3299869999999885, 1.180008000000015, -1.3800050000000113, 9-13-2012
2.020004, -1.3800050000000113, -0.9599919999999997, 0.2699890000000096, 9-14-2012
1.160004000000015, 0.2699890000000096, 0.3100129999999979, -0.6200100000000077, 9-15-2012
2.3700100000000077, -0.6200100000000077, 0.07000700000000393, -1.0500030000000038, 9-16-2012
2.0800020000000075, -1.0500030000000038, 0.36999499999998875, 1.5400089999999977, 9-17-2012
2.7599950000000035, 1.5400089999999977, -0.25, 1.7899930000000097, 9-18-2012
3.0100089999999966, 1.7899930000000097, 0.5599980000000073, 2.460005999999993, 9-19-2012
3.8099980000000073, 2.460005999999993, 0.49000599999999395, -1.1200109999999768, 10-1-2012
2.9700009999999963, -1.1200109999999768, 0.10000599999997917, 0.5699930000000109, 10-2-2012
2.0, 0.5699930000000109, -0.22999599999999987, 0.10999999999998522, 10-3-2012
2.4400019999999927, 0.10999999999998522, 0.7599950000000035, -0.5599979999999789, 10-4-2012
1.7299950000000024, -0.5599979999999789, -0.5699920000000134, -0.1999969999999962, 10-5-2012
1.4299919999999986, -0.1999969999999962, 0.12998999999999228, -1.9599919999999997, 10-6-2012
3.0400080000000003, -1.9599919999999997, -0.16999799999999254, -2.0, 10-7-2012
3.179992999999996, -2.0, 0.75, -0.8100120000000004, 10-8-2012
1.6399989999999889, -0.8100120000000004, -0.11999600000001465, 2.160004000000015, 10-9-2012
2.400008999999983, 2.160004000000015, 1.0800020000000075, 0.04998799999998482, 10-10-2012
1.5799869999999885, 0.04998799999998482, 1.0100089999999966, 1.0599980000000073, 10-11-2012
1.5299990000000037, 1.0599980000000073, -9.78999300000001, -0.580001999999979, 10-12-2012
4.860000999999983, -0.580001999999979, -0.7200010000000248, -4.949996999999996, 10-13-2012
6.069991999999985, -4.949996999999996, 0.32998600000001943, -1.9299919999999986, 10-14-2012
2.9000090000000114, -1.9299919999999986, 0.35000599999997917, 0.6899870000000021, 10-15-2012
2.2399910000000034, 0.6899870000000021, -0.8699949999999887, -2.2799990000000037, 10-16-2012
3.0599980000000073, -2.2799990000000037, 1.1900019999999927, -1.7200009999999963, 10-17-2012
2.7299950000000024, -1.7200009999999963, 0.6900029999999902, 0.1900020000000211, 10-18-2012
1.7299950000000024, 0.1900020000000211, -0.11000100000001112, 1.7799990000000037, 10-19-2012
2.3999939999999924, 1.7799990000000037, 1.5299990000000037, -0.27000400000000013, 10-20-2012
2.7799989999999752, -0.27000400000000013, 0.1499939999999924, 2.4700009999999963, 10-21-2012
3.339995999999985, 2.4700009999999963, 0.38000500000001125, -4.100006000000008, 11-1-2012
4.71000699999999, -4.100006000000008, -1.069991999999985, 1.7799979999999778, 11-2-2012
2.960005999999993, 1.7799979999999778, 1.1199960000000146, -0.1899879999999996, 11-3-2012
2.070007000000004, -0.1899879999999996, -1.7100059999999928, -2.1999970000000246, 11-4-2012
2.5199890000000096, -2.1999970000000246, 0.23999000000000592, -1.2999879999999848, 11-5-2012
1.7200019999999938, -1.2999879999999848, -0.25, -0.2100070000000187, 11-6-2012
2.7599939999999776, -0.2100070000000187, 0.3900000000000148, -0.7799990000000037, 11-7-2012
3.3600000000000136, -0.7799990000000037, -0.8600010000000111, -0.06999199999998496, 11-8-2012
2.6300050000000113, -0.06999199999998496, 0.819991999999985, -3.6300039999999854, 11-9-2012
3.9900049999999965, -3.6300039999999854, 0.3200070000000039, 0.020004000000000133, 11-10-2012
2.4199979999999925, 0.020004000000000133, 0.47999599999999987, 0.6099999999999852, 11-11-2012
2.4599919999999997, 0.6099999999999852, 1.679992999999996, 1.7300110000000188, 11-12-2012
2.089995999999985, 1.7300110000000188, -0.47000099999999634, -0.680008000000015, 11-13-2012
1.8600010000000111, -0.680008000000015, 0.10000600000000759, 0.9899900000000059, 11-14-2012
1.9400019999999927, 0.9899900000000059, 0.7100069999999903, 2.4900049999999965, 11-15-2012
2.6900019999999927, 2.4900049999999965, -1.0400080000000003, 0.43000800000001504, 11-16-2012
1.5999909999999886, 0.43000800000001504, -0.8000030000000038, -0.8500060000000076, 11-17-2012
2.050003000000004, -0.8500060000000076, -0.25, 1.0, 11-18-2012
2.7699890000000096, 1.0, 0.7700040000000001, -1.2200009999999963, 11-19-2012
2.699996999999996, -1.2200009999999963, 0.22000099999999634, -1.679992999999996, 11-20-2012
2.5, -1.679992999999996, 0.6899879999999996, -1.2799990000000037, 11-21-2012
2.9400019999999927, -1.2799990000000037, 0.23001099999999042, -0.35000599999997917, 12-1-2012
1.7299959999999999, -0.35000599999997917, -0.3500060000000076, -0.3600010000000111, 12-2-2012
2.5200049999999976, -0.3600010000000111, 0.5200040000000001, 0.5299990000000037, 12-3-2012
1.7699890000000096, 0.5299990000000037, 0.4400019999999927, 1.8099980000000073, 12-4-2012
2.089995999999985, 1.8099980000000073, 0.22000099999999634, 0.4499969999999962, 12-5-2012
1.8899990000000173, 0.4499969999999962, 0.5599980000000073, 1.0200040000000001, 12-6-2012
1.6500090000000114, 1.0200040000000001, 0.4000090000000114, -1.6500090000000114, 12-7-2012
2.2899930000000097, -1.6500090000000114, -0.7700040000000001, -0.1899879999999996, 12-8-2012
1.680008000000015, -0.1899879999999996, -0.3000030000000038, 0.06999300000001085, 12-9-2012
2.139998999999989, 0.06999300000001085, 0.0, 1.8599999999999852, 12-10-2012
2.150008999999983, 1.8599999999999852, 0.23001100000001884, 1.839995999999985, 12-11-2012
2.080001999999979, 1.839995999999985, -0.2299950000000024, -0.38000499999998283, 12-12-2012
1.4499969999999962, -0.38000499999998283, -0.6100010000000111, 0.3000030000000038, 12-13-2012
1.7899930000000097, 0.3000030000000038, -1.6699979999999925, 0.31999199999998496, 12-14-2012
2.929992999999996, 0.31999199999998496, -0.36999499999998875, -0.6500090000000114, 12-15-2012
1.8099980000000073, -0.6500090000000114, -0.18998700000000213, -0.2600099999999941, 12-16-2012
2.5800020000000075, -0.2600099999999941, -0.41999799999999254, 1.1800079999999866, 12-17-2012
2.5800020000000075, 1.1800079999999866, -1.6000059999999792, -1.2799990000000037, 12-18-2012
2.389998999999989, -1.2799990000000037, -0.6000060000000076, 2.320007000000004, 12-19-2012
2.550003000000004, 2.260009999999994, -0.680008000000015, -0.3999939999999924, 1-1-2013
1.849991000000017, -0.3999939999999924, -1.0800020000000075, -0.1999969999999962, 1-2-2013
1.6800079999999866, -0.1999969999999962, -0.5900110000000041, -0.25999500000000353, 1-3-2013
1.4400029999999902, -0.25999500000000353, -0.22000099999999634, -0.050003000000003794, 1-4-2013
1.6999969999999962, -0.050003000000003794, 0.6100010000000111, -1.159988999999996, 1-5-2013
1.840011000000004, -1.159988999999996, 0.3299869999999885, 0.23001100000001884, 1-6-2013
1.6800079999999866, 0.23001100000001884, 1.2699889999999812, 0.3000030000000038, 1-7-2013
2.1000060000000076, 0.3000030000000038, -1.6299899999999923, -0.20001200000001518, 1-8-2013
1.5299990000000037, -0.20001200000001518, -1.3099969999999814, 1.1900019999999927, 1-9-2013
2.339997000000011, 1.1900019999999927, -0.5, 0.5899960000000135, 1-10-2013
1.8299869999999885, 0.5899960000000135, 1.260009999999994, -0.20001200000001518, 1-11-2013
1.2200019999999938, -0.20001200000001518, 0.38000500000001125, 0.4400019999999927, 1-12-2013
1.1999969999999962, 0.4400019999999927, -0.10999999999998522, 1.7200009999999963, 1-13-2013
2.070007000000004, 1.7200009999999963, 7.4199979999999925, 1.2200009999999963, 1-14-2013
5.220000999999996, 1.2200009999999963, -0.8099970000000098, 0.509994000000006, 1-15-2013
1.9799959999999999, 0.509994000000006, 0.02999900000000366, 0.5200040000000001, 1-16-2013
1.0499879999999848, 0.5200040000000001, -0.11999499999998875, 0.07998699999998848, 1-17-2013
1.9300079999999866, 0.07998699999998848, -0.5899969999999826, -0.4400020000000211, 1-18-2013
2.089997000000011, -0.4400020000000211, -0.20999199999999973, -0.16999799999999254, 1-19-2013
1.6900030000000186, -0.16999799999999254, -0.1999969999999962, -0.25, 1-20-2013
1.509994000000006, -0.25, 1.5799869999999885, 0.5299990000000037, 1-21-2013
1.510009999999994, 0.5299990000000037, -0.9899910000000034, -0.40000899999998296, 2-1-2013
1.4499969999999962, -0.40000899999998296, 0.5200049999999976, -1.5200049999999976, 2-2-2013
2.2400049999999965, -1.5200049999999976, -2.399994000000021, 0.6300050000000113, 2-3-2013
1.7299950000000024, 0.6300050000000113, -0.4000090000000114, -0.8799899999999923, 2-4-2013
2.2300109999999904, -0.8799899999999923, 0.22999599999999987, 1.7099919999999997, 2-5-2013
2.4100030000000174, 1.7099919999999997, -0.6999969999999962, -0.8199920000000134, 2-6-2013
2.199996999999996, -0.8199920000000134, -0.15000899999998296, 0.029998000000006186, 2-7-2013
1.7200009999999963, 0.029998000000006186, 0.6100009999999827, -0.5599979999999789, 2-8-2013
1.3799899999999923, -0.5599979999999789, -0.36000000000001364, -0.08000200000000746, 2-9-2013
1.0600120000000004, -0.08000200000000746, 0.33000200000000746, 1.0, 2-10-2013
1.429992999999996, 1.0, -0.3799899999999923, -0.27999900000000366, 2-11-2013
1.6699979999999925, -0.27999900000000366, 0.2999879999999848, -1.3099969999999814, 2-12-2013
2.859999999999985, -1.3099969999999814, -0.6799929999999961, -0.3000030000000038, 2-13-2013
0.9600059999999928, -0.3000030000000038, 0.8999939999999924, 1.8600000000000136, 2-14-2013
2.25, 1.8600000000000136, 0.580001999999979, -4.160002999999989, 2-15-2013
4.980009999999993, -4.160002999999989, 1.1200100000000077, 0.5099939999999776, 2-16-2013
2.059997999999979, 0.5099939999999776, -0.25, 3.4400030000000186, 2-17-2013
4.149993999999992, 3.4400030000000186, -0.15000900000001138, -1.3499909999999886, 2-18-2013
2.330001999999979, -1.3499909999999886, -0.18000800000001504, 2.260009999999994, 2-19-2013
3.5800009999999816, 2.260009999999994, -0.320007999999973, 2.600005999999979, 3-1-2013
2.639998999999989, 2.600005999999979, 0.6699990000000184, 0.6699979999999925, 3-2-2013
2.0099950000000035, 0.6699979999999925, 0.5, 1.3500060000000076, 3-3-2013
1.83000100000001, 1.3500060000000076, -0.09001200000000154, 1.1300049999999828, 3-4-2013
1.3600010000000111, 1.1300049999999828, 0.43000800000001504, 0.5299990000000037, 3-5-2013
1.3100120000000004, 0.5299990000000037, -0.34001200000000154, 0.04000899999999774, 3-6-2013
1.1600039999999865, 0.04000899999999774, -0.680008000000015, 1.1500090000000114, 3-7-2013
1.6399999999999864, 1.1500090000000114, -0.3500060000000076, 1.8600010000000111, 3-8-2013
2.589997000000011, 1.8600010000000111, 0.08999599999998509, 3.6500090000000114, 3-9-2013
3.7100070000000187, 3.6500090000000114, -0.41999799999999254, -0.4600070000000187, 3-10-2013
2.489990000000006, -0.4600070000000187, -2.020004, 0.3100129999999979, 3-11-2013
1.8600010000000111, 0.3100129999999979, 0.919998000000021, -0.6900030000000186, 3-12-2013
3.2899929999999813, -0.6900030000000186, 1.3199930000000109, 0.3000030000000038, 3-13-2013
1.5200040000000001, 0.3000030000000038, -2.099991000000017, -0.7000119999999868, 3-14-2013
2.889998999999989, -0.7000119999999868, -0.049988000000013244, -0.13000499999998283, 3-15-2013
1.5500030000000038, -0.13000499999998283, 0.45999100000000226, -1.7999880000000132, 3-16-2013
2.7599950000000035, -1.7999880000000132, 1.0299990000000037, 0.589997000000011, 3-17-2013
1.0, 0.589997000000011, -1.3999940000000208, -0.0700080000000014, 3-18-2013
2.059997999999979, -0.0700080000000014, -1.0599969999999814, 3.4700009999999963, 3-19-2013
3.699996999999996, 3.4700009999999963, -0.5, -0.41999799999999254, 3-20-2013
2.25, -0.41999799999999254, 0.5399929999999813, 1.4400030000000186, 4-1-2013
3.1399999999999864, 1.4400030000000186, -0.03999400000000719, -1.6600030000000174, 4-2-2013
2.2599939999999776, -1.6600030000000174, 0.11000000000001364, -1.4600059999999928, 4-3-2013
2.8899999999999864, -1.4600059999999928, -2.2099919999999997, 0.3099979999999789, 4-4-2013
3.5, 0.3099979999999789, -0.33999699999998256, 0.25, 4-5-2013
1.9900049999999965, 0.25, 0.2399910000000034, -0.339997000000011, 4-6-2013
1.3899989999999889, -0.339997000000011, 2.640000000000015, 0.13999899999998888, 4-7-2013
2.039994000000007, 0.13999899999998888, -0.5, 1.4199979999999925, 4-8-2013
2.239990000000006, 1.4199979999999925, -2.130004999999983, 0.5900120000000015, 4-9-2013
1.7100059999999928, 0.5900120000000015, -0.9400030000000186, -1.1800069999999891, 4-10-2013
2.430006999999989, -1.1800069999999891, 1.58000100000001, 1.1600039999999865, 4-11-2013
2.800003000000004, 1.1600039999999865, -1.4700009999999963, -0.8600010000000111, 4-12-2013
1.5899960000000135, -0.8600010000000111, 0.4400030000000186, -2.9600070000000187, 4-13-2013
4.100006000000008, -2.9600070000000187, -11.409988999999996, -5.7400049999999965, 4-14-2013
6.7400049999999965, -5.7400049999999965, 1.1499939999999924, -3.319991999999985, 4-15-2013
3.700012000000015, -3.319991999999985, 1.4400019999999927, 2.339997000000011, 4-16-2013
3.9400019999999927, 2.339997000000011, 0.5500029999999754, -0.4499969999999962, 4-17-2013
1.4100039999999865, -0.4499969999999962, 0.9799950000000024, 1.2599950000000035, 4-18-2013
2.8499909999999886, 1.2599950000000035, 0.21000699999999028, 0.14999400000002083, 4-19-2013
1.4600069999999903, 0.14999400000002083, 0.47000099999999634, 4.369994999999989, 4-20-2013
5.029999000000004, 4.369994999999989, -0.01998899999998116, 3.4099879999999985, 4-21-2013
5.239990000000006, 3.4099879999999985, -0.669998000000021, -2.2399899999999775, 4-22-2013
2.9700009999999963, -2.2399899999999775, 0.4899899999999775, 2.270004, 5-1-2013
2.679992999999996, 2.270004, 1.5500030000000038, 0.5699930000000109, 5-2-2013
1.570007000000004, 0.5699930000000109, -0.7200019999999938, -1.009994000000006, 5-3-2013
2.4700009999999963, -1.009994000000006, 0.02999900000000366, 0.8200070000000039, 5-4-2013
2.0800020000000075, 0.8200070000000039, -0.6900030000000186, 1.8800050000000113, 5-5-2013
2.340011000000004, 1.8800050000000113, -0.13000500000001125, -1.4499969999999962, 5-6-2013
2.2799990000000037, -1.4499969999999962, 0.12998999999999228, 1.1000060000000076, 5-7-2013
1.7099919999999997, 1.1000060000000076, -0.29000800000000027, -1.7099919999999997, 5-8-2013
2.25, -1.7099919999999997, -0.38000499999998283, 1.1200109999999768, 5-9-2013
1.589995999999985, 1.1200109999999768, -0.9600069999999903, 1.070007000000004, 5-10-2013
1.6399999999999864, 1.070007000000004, 0.6799929999999961, 0.6900019999999927, 5-11-2013
2.5899960000000135, 0.6900019999999927, 0.5599980000000073, 3.1900019999999927, 5-12-2013
4.5099950000000035, 3.1900019999999927, -0.41999799999999254, -0.41999799999999254, 5-13-2013
1.7299959999999999, -0.41999799999999254, -0.3600010000000111, 1.409988999999996, 5-14-2013
2.479996, 1.409988999999996, -0.1499939999999924, -1.5099950000000035, 5-15-2013
4.029999000000004, -1.5099950000000035, -1.5100089999999966, 0.6800079999999866, 5-16-2013
3.479996, 0.6800079999999866, -1.4700019999999938, 1.0299990000000037, 5-17-2013
2.0099950000000035, 1.0299990000000037, 1.7200009999999963, 0.339997000000011, 5-18-2013
1.429992000000027, 0.339997000000011, -1.5599980000000073, 1.6999969999999962, 5-19-2013
2.380004999999983, 1.6999969999999962, -0.9499969999999962, 2.390000000000015, 5-20-2013
4.020004, 2.390000000000015, -0.7700049999999976, -0.5699920000000134, 5-21-2013
3.9599919999999997, -0.5699920000000134, 0.22999599999999987, 0.6999969999999962, 5-22-2013
2.7200009999999963, 0.6999969999999962, -0.3499909999999886, -2.410004000000015, 6-1-2013
3.9199979999999925, -2.410004000000015, -1.0299980000000062, -2.41999899999999, 6-2-2013
3.8899990000000173, -2.41999899999999, 0.25999500000000353, 0.8000030000000038, 6-3-2013
2.729996, 0.8000030000000038, 1.0500030000000038, 1.5, 6-4-2013
2.2400049999999965, 1.5, 0.6199949999999887, -1.9499969999999962, 6-5-2013
2.0800020000000075, -1.9499969999999962, -1.8500060000000076, 0.8099980000000073, 6-6-2013
3.4400019999999927, 0.8099980000000073, 0.6100000000000136, -3.3899990000000173, 6-7-2013
4.720000999999996, -3.3899990000000173, -0.19000199999999268, 2.7600089999999966, 6-8-2013
4.059997999999979, 2.7600089999999966, 0.1999969999999962, -1.7700040000000001, 6-9-2013
2.930006999999989, -1.7700040000000001, 1.2400049999999965, -0.40000899999998296, 6-10-2013
2.6199949999999887, -0.40000899999998296, -0.019989000000009582, 1.8499909999999886, 6-11-2013
3.2200010000000248, 1.8499909999999886, -0.4299929999999961, -2.5, 6-12-2013
3.1000060000000076, -2.5, -1.2700040000000001, -3.319991999999985, 6-13-2013
4.4199979999999925, -3.319991999999985, 1.1499939999999924, -3.0399930000000097, 6-14-2013
4.98001099999999, -3.0399930000000097, -1.4700019999999938, -0.45001199999998676, 6-15-2013
3.570007999999973, -0.45001199999998676, 1.7700049999999976, -0.33000200000000746, 6-16-2013
2.440002000000021, -0.33000200000000746, 0.9900049999999965, -1.1099999999999852, 6-17-2013
1.7299959999999999, -1.1099999999999852, 1.1900019999999927, -0.4000090000000114, 6-18-2013
1.6100009999999827, -0.4000090000000114, -3.9199979999999925, -0.6199949999999887, 6-19-2013
4.25, -0.6199949999999887, 1.0399929999999813, -0.8699949999999887, 6-20-2013
2.680008000000015, -0.8699949999999887, -0.5, 0.7200009999999963, 7-1-2013
2.9700009999999963, 0.7200009999999963, -0.5200040000000001, 2.270004, 7-2-2013
3.710005999999993, 2.270004, 1.2400049999999965, 0.4399879999999996, 7-3-2013
2.809997999999979, 0.4399879999999996, 0.6700130000000115, -0.6200100000000077, 7-4-2013
1.1699979999999925, -0.6200100000000077, -3.0999909999999886, -0.5800020000000075, 7-5-2013
2.020004, -0.5800020000000075, 0.20999199999999973, 0.7400049999999965, 7-6-2013
2.159988999999996, 0.7400049999999965, 1.5299990000000037, -0.9799959999999999, 7-7-2013
1.5, -0.9799959999999999, 0.27000400000000013, -1.0, 7-8-2013
2.1100009999999827, -1.0, 0.3499909999999886, 1.5800020000000075, 7-9-2013
3.210005999999993, 1.5800020000000075, 0.039993000000009715, -0.18998700000000213, 7-10-2013
1.9000090000000114, -0.18998700000000213, 0.8699949999999887, -0.16999799999999254, 7-11-2013
1.8599999999999852, -0.16999799999999254, 3.7200009999999963, -0.27999900000000366, 7-12-2013
4.949996999999996, -0.27999900000000366, -0.08000100000000998, -4.370010999999977, 7-13-2013
4.75, -4.370010999999977, -0.1399990000000173, 0.6900020000000211, 7-14-2013
2.509994000000006, 0.6900020000000211, 0.12001099999997678, 0.7699890000000096, 7-15-2013
2.3299869999999885, 0.7699890000000096, 0.9700009999999963, 0.6600040000000149, 7-16-2013
1.4400019999999927, 0.6600040000000149, -0.3099980000000073, 0.9199979999999925, 7-17-2013
2.169998000000021, 0.9199979999999925, -0.6300049999999828, 0.7600099999999941, 7-18-2013
2.3699949999999887, 0.7600099999999941, -0.5200040000000001, -0.6199950000000172, 7-19-2013
1.660002999999989, -0.6199950000000172, 0.7799980000000062, -0.9800099999999929, 7-20-2013
2.020004, -0.9800099999999929, -1.519990000000007, 0.5499880000000132, 7-21-2013
2.41999899999999, 0.5499880000000132, 1.6100009999999827, -0.8399959999999851, 7-22-2013
1.759994000000006, -0.8399959999999851, -0.3099980000000073, -0.3399960000000135, 8-1-2013
2.2799990000000037, -0.3399960000000135, 0.0, 0.3399960000000135, 8-2-2013
1.5299990000000037, 0.3399960000000135, -3.2400049999999965, -1.269990000000007, 8-3-2013
2.2399910000000034, -1.269990000000007, -1.3899989999999889, -1.0400080000000003, 8-4-2013
1.8799899999999923, -1.0400080000000003, 0.8899989999999889, -1.5200040000000001, 8-5-2013
3.080001999999979, -1.5200040000000001, 0.07000700000000393, -0.17999299999999607, 8-6-2013
2.1600039999999865, -0.17999299999999607, -0.8500060000000076, 2.119995000000017, 8-7-2013
2.6699990000000184, 2.119995000000017, 0.4499969999999962, -1.1199950000000172, 8-8-2013
2.430006999999989, -1.1199950000000172, 0.1600040000000149, -1.0500030000000038, 8-9-2013
1.6299899999999923, -1.0500030000000038, -1.3000030000000038, -0.44000299999999015, 8-10-2013
1.5500030000000038, -0.44000299999999015, -0.25, -0.1999969999999962, 8-11-2013
1.1200109999999768, -0.1999969999999962, -0.039993000000009715, -1.070007000000004, 8-12-2013
2.520004, -1.070007000000004, 0.13999899999998888, 0.19000300000001857, 8-13-2013
2.4600070000000187, 0.19000300000001857, 0.10999999999998522, 0.19000300000001857, 8-14-2013
2.2900080000000003, 0.19000300000001857, 0.7899929999999813, -0.45999199999999973, 8-15-2013
2.0, -0.45999199999999973, 0.14999400000002083, 0.08000199999997903, 8-16-2013
1.1699979999999925, 0.08000199999997903, -0.1499939999999924, -0.5299990000000037, 8-17-2013
2.320007000000004, -0.5299990000000037, -1.1099999999999852, -0.8900000000000148, 8-18-2013
1.929992999999996, -0.8900000000000148, -0.0600120000000004, -0.5199890000000096, 8-19-2013
2.3699949999999887, -0.5199890000000096, -0.1999969999999962, 0.6799919999999986, 8-20-2013
2.2599950000000035, 0.6799919999999986, 0.11000100000001112, -0.47999599999999987, 8-21-2013
1.480009999999993, -0.47999599999999987, 1.3600010000000111, 0.33000199999997903, 8-22-2013
1.8100120000000004, 0.33000199999997903, -0.38000499999998283, -0.4499969999999962, 9-1-2013
1.8800039999999854, -0.4499969999999962, 0.22000099999999634, 0.7999879999999848, 9-2-2013
1.929992999999996, 0.7999879999999848, 0.5, -1.6199949999999887, 9-3-2013
2.340011000000004, -1.6199949999999887, 0.6499939999999924, 1.3000030000000038, 9-4-2013
2.180006999999989, 1.3000030000000038, 2.2200009999999963, -0.5999909999999886, 9-5-2013
1.2799990000000037, -0.5999909999999886, 0.22999599999999987, 3.8699949999999887, 9-6-2013
4.049987999999985, 3.8699949999999887, 0.2600099999999941, -0.23001099999999042, 9-7-2013
1.4700009999999963, -0.23001099999999042, 0.4800109999999904, 0.9599910000000023, 9-8-2013
2.1000060000000076, 0.9599910000000023, 1.5299990000000037, -0.5500030000000038, 9-9-2013
2.199996999999996, -0.5500030000000038, 0.27000400000000013, -1.259994000000006, 9-10-2013
2.319991999999985, -1.259994000000006, 0.4400020000000211, 1.819991999999985, 9-11-2013
2.889998999999989, 1.819991999999985, -0.24000499999999647, -0.7899940000000072, 9-12-2013
1.6699979999999925, -0.7899940000000072, 0.5700080000000014, -3.94000299999999, 9-13-2013
4.409988999999996, -3.94000299999999, 0.03999400000000719, 0.9300069999999891, 9-14-2013
3.080001999999979, 0.9300069999999891, -0.0600120000000004, -0.9599919999999997, 9-15-2013
1.8999940000000208, -0.9599919999999997, 0.16999799999999254, -0.6699979999999925, 9-16-2013
2.1199949999999887, -0.6699979999999925, 0.6300050000000113, 0.11999499999998875, 9-17-2013
2.2999880000000132, 0.11999499999998875, -1.3500060000000076, -1.9499969999999962, 9-18-2013
2.4900049999999965, -1.9499969999999962, -1.3599999999999852, -0.38000500000001125, 9-19-2013
2.400008999999983, -0.38000500000001125, 0.16000300000001744, 1.0400089999999977, 9-20-2013
2.0, 1.0400089999999977, -0.8400120000000015, -0.5799860000000194, 10-1-2013
1.8999940000000208, -0.5799860000000194, -0.2600099999999941, -0.8399959999999851, 10-2-2013
1.9600069999999903, -0.8399959999999851, 0.3099969999999814, -0.06999199999998496, 10-3-2013
1.5500030000000038, -0.06999199999998496, -2.25, 0.15998899999999594, 10-4-2013
1.4599919999999997, 0.15998899999999594, -0.11999600000001465, -3.1699979999999925, 10-5-2013
3.279998000000006, -3.1699979999999925, 0.6499939999999924, 1.9500120000000152, 10-6-2013
2.569991999999985, 1.9500120000000152, 1.8499909999999886, 1.6000060000000076, 10-7-2013
2.410002999999989, 1.6000060000000076, 0.47999599999999987, 0.9100039999999865, 10-8-2013
2.110001000000011, 0.9100039999999865, -0.75, 1.5599970000000098, 10-9-2013
2.570007000000004, 1.5599970000000098, -1.2299959999999999, -1.08000100000001, 10-10-2013
1.7200009999999963, -1.08000100000001, 0.759994000000006, 1.3099980000000073, 10-11-2013
1.7399910000000034, 1.3099980000000073, -12.889999999999986, 0.990005999999994, 10-12-2013
4.429992999999996, 0.990005999999994, -0.02999900000000366, -1.0200040000000001, 10-13-2013
1.75, -1.0200040000000001, 0.6399989999999889, -1.5599969999999814, 10-14-2013
2.1199949999999887, -1.5599969999999814, 0.49000499999999647, 1.6199949999999887, 10-15-2013
2.6200100000000077, 1.6199949999999887, 0.11999500000001717, 0.6800079999999866, 10-16-2013
1.590011000000004, 0.6800079999999866, 0.6599889999999959, 1.3700100000000077, 10-17-2013
1.6399989999999889, 1.3700100000000077, 0.6299899999999923, -1.5799869999999885, 10-18-2013
2.840011000000004, -1.5799869999999885, 0.18998700000000213, 0.3100129999999979, 10-19-2013
1.6900019999999927, 0.3100129999999979, 0.26998899999998116, 4.5, 10-20-2013
4.820007000000004, 4.5, -0.4299929999999961, -1.5400080000000003, 10-21-2013
2.319991999999985, -1.5400080000000003, -0.5, -0.4399870000000021, 10-22-2013
2.630004999999983, -0.4399870000000021, 0.599991000000017, -0.5800020000000075, 10-23-2013
1.4599910000000023, -0.5800020000000075, 0.6699979999999925, 0.3700100000000077, 11-1-2013
1.4600069999999903, 0.3700100000000077, -0.7300109999999904, -1.6899870000000021, 11-2-2013
2.0899960000000135, -1.6899870000000021, 0.0599979999999789, 1.2799980000000062, 11-3-2013
1.9700009999999963, 1.2799980000000062, 0.4100040000000149, 0.3999939999999924, 11-4-2013
1.7899929999999813, 0.3999939999999924, -1.1699979999999925, 1.160002999999989, 11-5-2013
2.729996, 1.160002999999989, 0.1999969999999962, 2.6900030000000186, 11-6-2013
3.350005999999979, 2.6900030000000186, -0.3500060000000076, 0.5400080000000003, 11-7-2013
1.7900080000000003, 0.5400080000000003, -0.8000030000000038, 1.2799990000000037, 11-8-2013
1.9600069999999903, 1.2799990000000037, -3.070007000000004, 1.7300109999999904, 11-9-2013
3.5399930000000097, 1.7300109999999904, 0.16999800000002097, 0.8099969999999814, 11-10-2013
2.119995000000017, 0.8099969999999814, 0.33000200000000746, 0.9499969999999962, 11-11-2013
1.7200009999999963, 0.9499969999999962, 0.1600040000000149, 0.6199949999999887, 11-12-2013
2.050003000000004, 0.6199949999999887, -0.02999900000000366, -0.02999900000000366, 11-13-2013
1.590011000000004, -0.02999900000000366, 0.34999100000001704, -1.4099879999999985, 11-14-2013
2.3399960000000135, -1.4099879999999985, -0.6300050000000113, -2.199996999999996, 11-15-2013
5.070007000000004, -2.199996999999996, -1.0500030000000038, -1.3099980000000073, 11-16-2013
2.929992999999996, -1.3099980000000073, -0.27000400000000013, -1.3599999999999852, 11-17-2013
1.6300039999999854, -1.3599999999999852, 0.5200040000000001, 1.1399989999999889, 11-18-2013
2.359985999999992, 1.1399989999999889, 0.24000599999999395, 0.4699860000000058, 11-19-2013
1.7599950000000035, 0.4699860000000058, -0.2199860000000058, -1.9800109999999904, 11-20-2013
2.4700010000000248, -1.9800109999999904, -0.47999599999999987, -0.9199979999999925, 12-1-2013
2.589997000000011, -0.9199979999999925, -0.7100070000000187, 0.3700100000000077, 12-2-2013
2.3399960000000135, 0.3700100000000077, 0.40998899999999594, -0.06999199999998496, 12-3-2013
1.5800020000000075, -0.06999199999998496, 0.6199949999999887, 0.9700009999999963, 12-4-2013
1.9900049999999965, 0.9700009999999963, 0.3200070000000039, -0.5299980000000062, 12-5-2013
1.319991999999985, -0.5299980000000062, -0.5600129999999979, 0.22000099999999634, 12-6-2013
1.6099999999999852, 0.22000099999999634, -0.11999499999998875, -1.8000030000000038, 12-7-2013
2.659988999999996, -1.8000030000000038, -0.13999899999998888, -1.6900030000000186, 12-8-2013
2.5, -1.6900030000000186, 0.15000900000001138, -0.7200009999999963, 12-9-2013
1.6500090000000114, -0.7200009999999963, 0.41999799999999254, 4.630005000000011, 12-10-2013
5.620010000000008, 4.630005000000011, -0.49000499999999647, -1.6000060000000076, 12-11-2013
2.3700100000000077, -1.6000060000000076, 0.6900019999999927, 2.25, 12-12-2013
3.889998999999989, 2.25, -0.819991999999985, 2.339995999999985, 12-13-2013
2.6599879999999985, 2.339995999999985, -0.10000600000000759, -0.09999099999998862, 12-14-2013
1.9799959999999999, -0.09999099999998862, 1.0299990000000037, 1.179992999999996, 12-15-2013
2.319991999999985, 1.179992999999996, -0.2699890000000096, 1.259994000000006, 12-16-2013
1.5899960000000135, 1.259994000000006, 0.339997000000011, 1.7900080000000003, 12-17-2013
2.050003000000004, 1.7900080000000003, 0.4899900000000059, -0.759994000000006, 12-18-2013
1.9400019999999927, -0.759994000000006, 0.24000499999999647, 1.0899969999999826, 12-19-2013
2.0299990000000037, 1.0899969999999826, 0.08000100000000998, 1.0800020000000075, 12-20-2013
2.199996999999996, -1.6800079999999866, 0.3000030000000038, 0.8099969999999814, 1-1-2014
2.050003000000004, 0.8099969999999814, 0.5099950000000035, -1.1499939999999924, 1-2-2014
2.0599980000000073, -1.1499939999999924, 0.3899989999999889, 3.3200080000000014, 1-3-2014
3.9700009999999963, 3.3200080000000014, -0.38000499999998283, -1.3600010000000111, 1-4-2014
2.160002999999989, -1.3600010000000111, 1.0500030000000038, -1.6399989999999889, 1-5-2014
2.949996999999996, -1.6399989999999889, 0.9299929999999961, -1.0500030000000038, 1-6-2014
2.2900080000000003, -1.0500030000000038, -1.0, -2.099991000000017, 1-7-2014
3.089995999999985, -2.099991000000017, 0.8999940000000208, 0.8599999999999852, 1-8-2014
2.549987999999985, 0.8599999999999852, -0.09999099999998862, 1.9199979999999925, 1-9-2014
3.159988999999996, 1.9199979999999925, -0.2100059999999928, 1.2299959999999999, 1-10-2014
2.1900019999999927, 1.2299959999999999, -0.7200019999999938, 2.050003000000004, 1-11-2014
2.949996999999996, 2.050003000000004, 0.13999999999998636, -1.8000030000000038, 1-12-2014
3.600005999999979, -1.8000030000000038, -7.149993999999992, 0.9700009999999963, 1-13-2014
3.8300020000000075, 0.9700009999999963, -0.8200070000000039, 1.3000030000000038, 1-14-2014
3.009994000000006, 1.3000030000000038, -1.4799959999999999, -1.6100010000000111, 1-15-2014
3.1699990000000184, -1.6100010000000111, -0.029997999999977765, -1.7100070000000187, 1-16-2014
1.989990000000006, -1.7100070000000187, 0.15000900000001138, -1.1999969999999962, 1-17-2014
2.2899930000000097, -1.1999969999999962, -0.8700100000000077, 0.41999799999999254, 1-18-2014
2.640000000000015, 0.41999799999999254, 0.7700040000000001, 0.19000300000001857, 1-19-2014
1.5, 0.19000300000001857, -1.25, 0.569991999999985, 1-20-2014
2.5, 0.569991999999985, -0.6599889999999959, -3.1200100000000077, 1-21-2014
3.300003000000004, -3.1200100000000077, 0.6300050000000113, -0.6900029999999902, 2-1-2014
1.3899989999999889, -0.6900029999999902, -0.6499940000000208, 2.050003000000004, 2-2-2014
2.7799990000000037, 2.050003000000004, -0.27000400000000013, 0.6999969999999962, 2-3-2014
1.0600129999999979, 0.6999969999999962, 0.9700009999999963, 1.6100010000000111, 2-4-2014
2.4899910000000034, 1.6100010000000111, -0.27999900000000366, 0.16999799999999254, 2-5-2014
1.3999939999999924, 0.16999799999999254, -0.33000099999998156, 2.889998999999989, 2-6-2014
3.589995999999985, 2.889998999999989, -0.17999299999999607, 0.7200009999999963, 2-7-2014
1.9900049999999965, 0.7200009999999963, -2.020004, 3.619995000000017, 2-8-2014
4.5, 3.619995000000017, -0.58000100000001, 2.430006999999989, 2-9-2014
3.4399879999999996, 2.430006999999989, -0.5100089999999966, 0.010008999999996604, 2-10-2014
1.679992999999996, 0.010008999999996604, -0.4499969999999962, 0.20999199999999973, 2-11-2014
3.239990000000006, 0.20999199999999973, 0.01000999999999408, 1.2999880000000132, 2-12-2014
2.0700080000000014, 1.2999880000000132, -0.009995000000003529, -1.4600069999999903, 2-13-2014
3.0900120000000015, -1.4600069999999903, 0.030013999999994212, 0.6299899999999923, 2-14-2014
2.3399969999999826, 0.6299899999999923, 0.07000700000000393, -0.29000800000000027, 2-15-2014
1.7200009999999963, -0.29000800000000027, 0.7100059999999928, 0.11999600000001465, 2-16-2014
1.7200009999999963, 0.11999600000001465, -0.22999599999999987, 1.4400019999999927, 2-17-2014
2.139998999999989, 1.4400019999999927, 0.11000100000001112, -0.2100070000000187, 2-18-2014
2.4700009999999963, -0.2100070000000187, -1.839995999999985, 0.9299929999999961, 2-19-2014
1.819991999999985, 0.9299929999999961, 1.5500030000000038, 0.6300039999999854, 3-1-2014
1.4800109999999904, 0.6300039999999854, 0.13000500000001125, 0.569991999999985, 3-2-2014
1.5500030000000038, 0.569991999999985, 0.22999599999999987, 0.27000400000000013, 3-3-2014
1.4900049999999965, 0.27000400000000013, 0.7100070000000187, -0.6700130000000115, 3-4-2014
1.7400049999999965, -0.6700130000000115, -0.12998999999999228, -1.160004000000015, 3-5-2014
2.519988999999981, -1.160004000000015, 1.0200049999999976, -0.650008999999983, 3-6-2014
2.4100039999999865, -0.650008999999983, -0.75, 0.2100059999999928, 3-7-2014
1.5599980000000073, 0.2100059999999928, 0.19000299999999015, -2.510009999999994, 3-8-2014
3.2899930000000097, -2.510009999999994, -0.009995000000003529, -1.6799919999999986, 3-9-2014
2.0799860000000194, -1.6799919999999986, 0.4499969999999962, 3.149994000000021, 3-10-2014
3.690002000000021, 3.149994000000021, 0.18000699999998915, 0.8199930000000109, 3-11-2014
2.3600009999999827, 0.8199930000000109, -1.2099919999999997, -0.8899990000000173, 3-12-2014
3.199996999999996, -0.8899990000000173, -0.24000599999999395, 3.429992999999996, 3-13-2014
4.089997000000011, 3.429992999999996, 0.6000060000000076, -1.8300020000000075, 3-14-2014
2.300003000000004, -1.8300020000000075, 0.7599950000000035, 0.8200070000000039, 3-15-2014
2.070007000000004, 0.8200070000000039, 0.5099950000000035, 6.279998000000006, 3-16-2014
6.699996999999996, 6.279998000000006, -0.05999700000000985, -2.360001000000011, 3-17-2014
3.669998000000021, -2.360001000000011, -0.7099910000000023, -2.080001999999979, 3-18-2014
3.3499909999999886, -2.080001999999979, 0.10999999999998522, 0.5099950000000035, 3-19-2014
3.5099939999999776, 0.5099950000000035, 1.1900019999999927, 0.8500060000000076, 3-20-2014
2.3700100000000077, 0.8500060000000076, 0.6299899999999923, 1.3800050000000113, 3-21-2014
2.3500060000000076, 1.3800050000000113, -0.25999500000000353, -0.6900019999999927, 4-1-2014
2.0099950000000035, -0.6900019999999927, -0.3500060000000076, -0.5099950000000035, 4-2-2014
1.0299990000000037, -0.5099950000000035, 0.4299929999999961, -1.3499909999999886, 4-3-2014
2.6900019999999927, -1.3499909999999886, -0.050003000000003794, 2.800003000000004, 4-4-2014
3.7399910000000034, 2.800003000000004, -0.6300050000000113, -0.6000059999999792, 4-5-2014
1.4799959999999999, -0.6000059999999792, 0.5900120000000015, 2.7599939999999776, 4-6-2014
3.3999939999999924, 2.7599939999999776, -0.5800009999999816, -0.38000500000001125, 4-7-2014
3.550003000000004, -0.38000500000001125, -0.6399999999999864, 0.15000899999998296, 4-8-2014
2.729996, 0.15000899999998296, 1.0500030000000038, 1.5299990000000037, 4-9-2014
2.359999999999985, 1.5299990000000037, -1.7900080000000003, 1.0400080000000003, 4-10-2014
1.990005999999994, 1.0400080000000003, 1.0299990000000037, -1.6500090000000114, 4-11-2014
3.7100069999999903, -1.6500090000000114, -9.149993999999992, 2.7599950000000035, 4-12-2014
3.6900019999999927, 2.7599950000000035, -0.20999199999999973, 2.4700009999999963, 4-13-2014
3.069993000000011, 2.4700009999999963, -0.2600089999999966, 0.13999899999998888, 4-14-2014
1.8000030000000038, 0.13999899999998888, -0.3600009999999827, -0.05999700000000985, 4-15-2014
2.3000029999999754, -0.05999700000000985, 0.49000499999999647, -2.0, 4-16-2014
2.1900019999999927, -2.0, 0.3199920000000134, -0.9099879999999985, 4-17-2014
1.5599969999999814, -0.9099879999999985, 1.5099939999999776, 2.0, 4-18-2014
3.410002999999989, 2.0, 0.4499970000000246, 1.5200049999999976, 4-19-2014
2.529998000000006, 1.5200049999999976, -0.7299959999999999, 2.089995999999985, 4-20-2014
2.5099950000000035, 2.089995999999985, -0.16000299999998902, -2.7799990000000037, 4-21-2014
3.590011000000004, -2.7799990000000037, 0.22000099999999634, -2.3099980000000073, 5-1-2014
2.5899960000000135, -2.3099980000000073, -0.3899989999999889, 0.20999199999999973, 5-2-2014
1.6900019999999927, 0.20999199999999973, -0.33000200000000746, -0.8999939999999924, 5-3-2014
1.6999969999999962, -0.8999939999999924, -0.6900029999999902, -0.039993000000009715, 5-4-2014
3.3700100000000077, -0.039993000000009715, -0.1399990000000173, -0.25, 5-5-2014
2.340011000000004, -0.25, 0.06999200000001338, 1.1000060000000076, 5-6-2014
2.2200010000000248, 1.1000060000000076, 1.0399929999999813, 1.4500120000000152, 5-7-2014
2.0800020000000075, 1.4500120000000152, 0.2199860000000058, -0.599991000000017, 5-8-2014
1.2700040000000001, -0.599991000000017, -0.2799980000000062, -3.19000299999999, 5-9-2014
3.820007000000004, -3.19000299999999, 0.3500060000000076, -2.6100000000000136, 5-10-2014
2.9000090000000114, -2.6100000000000136, -0.19000299999999015, 0.7899940000000072, 5-11-2014
1.4800109999999904, 0.7899940000000072, -0.4499969999999962, 0.3899989999999889, 5-12-2014
1.0900120000000015, 0.3899989999999889, -0.75, -1.3600010000000111, 5-13-2014
2.0, -1.3600010000000111, 0.9600070000000187, 0.5399929999999813, 5-14-2014
2.2100069999999903, 0.5399929999999813, 0.05999800000000732, -0.7700040000000001, 5-15-2014
1.4199979999999925, -0.7700040000000001, 0.16000300000001744, 0.10000599999997917, 5-16-2014
0.8300009999999816, 0.10000599999997917, -1.1399989999999889, -0.020004000000000133, 5-17-2014
1.7200009999999963, -0.020004000000000133, -0.3000030000000038, -1.3999939999999924, 5-18-2014
1.9400030000000186, -1.3999939999999924, 0.5599969999999814, 0.11999600000001465, 5-19-2014
1.4499969999999962, 0.11999600000001465, -0.3799899999999923, 0.9799959999999999, 5-20-2014
2.0800020000000075, 0.9799959999999999, 0.3999939999999924, 0.9300069999999891, 5-21-2014
1.6100010000000111, 0.9300069999999891, -0.13999899999998888, -1.180008000000015, 6-1-2014
1.6400000000000148, -1.180008000000015, 0.34001200000000154, -0.20001199999998676, 6-2-2014
1.25, -0.20001199999998676, 0.15000899999998296, 1.3199920000000134, 6-3-2014
2.169998000000021, 1.3199920000000134, 0.49000499999999647, -0.10000600000000759, 6-4-2014
1.75, -0.10000600000000759, -0.1499939999999924, 0.0, 6-5-2014
1.6799919999999986, 0.0, -0.020004000000000133, -1.9100039999999865, 6-6-2014
2.3999939999999924, -1.9100039999999865, -0.6799919999999986, -1.3600010000000111, 6-7-2014
2.1900019999999927, -1.3600010000000111, 0.22999599999999987, -1.2599950000000035, 6-8-2014
1.6399990000000173, -1.2599950000000035, 0.7799990000000037, 0.5599980000000073, 6-9-2014
1.4799959999999999, 0.5599980000000073, -0.1600040000000149, -0.04998799999998482, 6-10-2014
1.4700019999999938, -0.04998799999998482, -0.4500120000000152, 0.3600010000000111, 6-11-2014
1.25, 0.3600010000000111, -0.2200019999999938, 1.5600129999999979, 6-12-2014
1.8200080000000014, 1.5600129999999979, 0.5199889999999812, -1.2999879999999848, 6-13-2014
2.109999999999985, -1.2999879999999848, -0.23001099999999042, -1.0399930000000097, 6-14-2014
1.2700040000000001, -1.0399930000000097, 0.36999499999998875, 0.22000099999999634, 6-15-2014
1.25, 0.22000099999999634, -0.6399989999999889, -0.6199949999999887, 6-16-2014
2.3500060000000076, -0.6199949999999887, -0.6300050000000113, 0.47000099999999634, 6-17-2014
0.910002999999989, 0.47000099999999634, 0.1499939999999924, -0.5, 6-18-2014
2.0999909999999886, -0.5, -0.5999909999999886, 1.9400029999999902, 6-19-2014
2.800003000000004, 1.9400029999999902, -0.38000499999998283, -0.05999800000000732, 6-20-2014
1.6699979999999925, -0.05999800000000732, 0.4299929999999961, 4.650009000000011, 6-21-2014
5.570007000000004, 4.650009000000011, -0.01000999999999408, 2.0500029999999754, 7-1-2014
2.820007000000004, 2.0500029999999754, 0.0, 0.14000000000001478, 7-2-2014
1.4599919999999997, 0.14000000000001478, -0.9199979999999925, 0.4299919999999986, 7-3-2014
0.8300020000000075, 0.4299919999999986, -0.3899990000000173, -0.4299929999999961, 7-4-2014
1.7100070000000187, -0.4299929999999961, 0.45999199999999973, 0.7400049999999965, 7-5-2014
2.0099950000000035, 0.7400049999999965, -1.9799959999999999, 1.2599950000000035, 7-6-2014
1.8399960000000135, 1.2599950000000035, 0.02999900000000366, 0.27000400000000013, 7-7-2014
1.6399990000000173, 0.27000400000000013, 0.5500030000000038, 1.3099980000000073, 7-8-2014
1.910002999999989, 1.3099980000000073, -0.3200080000000014, -1.0499880000000132, 7-9-2014
1.8699950000000172, -1.0499880000000132, 3.75, 0.11999600000001465, 7-10-2014
2.6000060000000076, 0.11999600000001465, 0.0, 0.13000399999998535, 7-11-2014
3.949996999999996, 0.13000399999998535, -0.5299980000000062, 0.5399930000000097, 7-12-2014
3.4400019999999927, 0.5399930000000097, -1.1999969999999962, -0.4499969999999962, 7-13-2014
2.449996999999996, -0.4499969999999962, 0.7399900000000059, 2.5, 7-14-2014
3.160002999999989, 2.5, 0.020004999999997608, -0.47999599999999987, 7-15-2014
1.3299869999999885, -0.47999599999999987, 0.31999199999998496, 1.2900080000000003, 7-16-2014
1.8699949999999887, 1.2900080000000003, 0.05999800000000732, -0.9000090000000114, 7-17-2014
2.1100009999999827, -0.9000090000000114, -0.09999099999998862, 1.4799959999999999, 7-18-2014
2.75, 1.4799959999999999, -0.47999599999999987, -0.7299959999999999, 7-19-2014
1.3500059999999792, -0.7299959999999999, 0.6299899999999923, -1.1999969999999962, 7-20-2014
3.090011000000004, -1.1999969999999962, -1.1600039999999865, -1.169998000000021, 7-21-2014
2.75, -1.169998000000021, -1.1699979999999925, -1.3500060000000076, 7-22-2014
2.639998999999989, -1.3500060000000076, 0.20001200000001518, 0.2899929999999813, 8-1-2014
1.3499909999999886, 0.2899929999999813, -0.8899989999999889, -1.6499939999999924, 8-2-2014
2.7599950000000035, -1.6499939999999924, -1.7400049999999965, 0.6099999999999852, 8-3-2014
2.4400030000000186, 0.6099999999999852, 0.6699979999999925, -2.339995999999985, 8-4-2014
3.0999909999999886, -2.339995999999985, 0.09999099999998862, 2.230011000000019, 8-5-2014
3.089995999999985, 2.230011000000019, 1.179992999999996, -0.339997000000011, 8-6-2014
2.0800020000000075, -0.339997000000011, -0.020004000000000133, -0.1100009999999827, 8-7-2014
1.8800039999999854, -0.1100009999999827, 0.6600039999999865, -0.050003000000003794, 8-8-2014
1.1100010000000111, -0.050003000000003794, -0.3799899999999923, 0.3099980000000073, 8-9-2014
1.2400049999999965, 0.3099980000000073, -0.02999900000000366, -0.47000099999999634, 8-10-2014
2.0900120000000015, -0.47000099999999634, 0.7200009999999963, 1.2599950000000035, 8-11-2014
2.050003000000004, 1.2599950000000035, 0.6799919999999986, 0.030013999999994212, 8-12-2014
0.8899989999999889, 0.030013999999994212, -0.2100059999999928, 0.24000499999999647, 8-13-2014
1.1399989999999889, 0.24000499999999647, 0.7999879999999848, 0.33000200000000746, 8-14-2014
1.570007000000004, 0.33000200000000746, -0.45999199999999973, -0.36000000000001364, 8-15-2014
1.5900120000000015, -0.36000000000001364, 0.9799950000000024, -0.2299950000000024, 8-16-2014
1.099991000000017, -0.2299950000000024, -0.13999999999998636, 1.9700009999999963, 8-17-2014
2.5099950000000035, 1.9700009999999963, 0.03999400000000719, -0.7799990000000037, 8-18-2014
2.570007000000004, -0.7799990000000037, -0.7799990000000037, 0.5299990000000037, 8-19-2014
1.6399990000000173, 0.5299990000000037, 0.27999900000000366, 0.020004000000000133, 8-20-2014
1.6100010000000111, 0.020004000000000133, 0.3799899999999923, -1.1199949999999887, 8-21-2014
2.0400080000000003, -1.1199949999999887, 0.8300009999999816, -0.4400019999999927, 9-1-2014
1.089995999999985, -0.4400019999999927, -0.25999500000000353, -1.0100089999999966, 9-2-2014
2.6300039999999854, -1.0100089999999966, -0.1499939999999924, 0.6699979999999925, 9-3-2014
1.6600039999999865, 0.6699979999999925, -0.4499969999999962, -0.6100010000000111, 9-4-2014
1.6900019999999927, -0.6100010000000111, 0.19999700000002463, -0.34999100000001704, 9-5-2014
0.9600059999999928, -0.34999100000001704, 0.12998999999999228, 1.419998000000021, 9-6-2014
2.049987999999985, 1.419998000000021, -0.45999100000000226, 0.6399989999999889, 9-7-2014
2.660004000000015, 0.6399989999999889, -0.25, -0.19000199999999268, 9-8-2014
1.0299990000000037, -0.19000199999999268, 0.13999899999998888, 0.3900000000000148, 9-9-2014
1.910002999999989, 0.3900000000000148, -0.5599980000000073, 1.7100069999999903, 9-10-2014
2.75, 1.7100069999999903, 0.25999400000000605, -0.41999799999999254, 9-11-2014
1.339995999999985, -0.41999799999999254, -0.01000999999999408, 0.9600069999999903, 9-12-2014
1.419998000000021, 0.9600069999999903, 0.7899930000000097, -0.5399930000000097, 9-13-2014
1.8099980000000073, -0.5399930000000097, -0.27999900000000366, -0.6099999999999852, 9-14-2014
1.5099939999999776, -0.6099999999999852, -0.3600010000000111, -1.1300050000000113, 9-15-2014
1.5500030000000038, -1.1300050000000113, -0.6199949999999887, 1.3099980000000073, 9-16-2014
2.569991999999985, 1.3099980000000073, -0.25999500000000353, -3.0400080000000003, 9-17-2014
3.5299990000000037, -3.0400080000000003, -0.08000200000000746, 1.1300050000000113, 9-18-2014
1.7200009999999963, 1.1300050000000113, -1.5500030000000038, 1.1300039999999854, 9-19-2014
1.8400120000000015, 1.1300039999999854, 0.0, 0.19000300000001857, 9-20-2014
1.7000120000000152, 0.19000300000001857, 0.08000199999997903, -2.740005999999994, 9-21-2014
3.6100009999999827, -2.740005999999994, 0.49000599999999395, -0.75, 10-1-2014
1.5399940000000072, -0.75, 1.1999970000000246, 0.5599969999999814, 10-2-2014
1.8099969999999814, 0.5599969999999814, 1.0200040000000001, -0.650008999999983, 10-3-2014
2.1799919999999986, -0.650008999999983, -1.2699890000000096, -2.05999700000001, 10-4-2014
2.580001999999979, -2.05999700000001, 0.25999400000000605, 3.390000000000015, 10-5-2014
3.9900049999999965, 3.390000000000015, -0.24000600000002237, -2.699996999999996, 10-6-2014
3.4100039999999865, -2.699996999999996, -0.5599969999999814, 0.06999199999998496, 10-7-2014
2.639998999999989, 0.06999199999998496, -0.4399879999999996, -1.9700009999999963, 10-8-2014
3.229996, -1.9700009999999963, 1.3699949999999887, -1.089995999999985, 10-9-2014
2.130004999999983, -1.089995999999985, -1.3399960000000135, -0.7100069999999903, 10-10-2014
5.03999300000001, -0.7100069999999903, -1.9499969999999962, 0.039993000000009715, 10-11-2014
2.789994000000007, 0.039993000000009715, 1.400008999999983, 0.8099980000000073, 10-12-2014
2.619995000000017, 0.8099980000000073, -15.199996999999996, 2.25, 10-13-2014
3.640000000000015, 2.25, -2.700012000000015, -3.1699979999999925, 10-14-2014
5.0, -3.1699979999999925, -0.8199920000000134, -0.6200109999999768, 10-15-2014
4.309997999999979, -0.6200109999999768, 0.33000199999997903, 0.05999800000000732, 10-16-2014
1.2900089999999977, 0.05999800000000732, -0.09999099999998862, 0.0, 10-17-2014
0.9900049999999965, 0.0, -0.08000200000000746, -0.13000500000001125, 10-18-2014
1.1000059999999792, -0.13000500000001125, 0.13000500000001125, 1.6000060000000076, 10-19-2014
1.8000030000000038, 1.6000060000000076, 0.7299959999999999, -0.8699950000000172, 10-20-2014
1.8599999999999852, -0.8699950000000172, 0.039993000000009715, 0.8500060000000076, 10-21-2014
1.5999909999999886, 0.8500060000000076, 1.1299899999999923, -1.0800020000000075, 10-22-2014
1.9700010000000248, -1.0800020000000075, -0.1499939999999924, 0.11000100000001112, 10-23-2014
1.1599879999999985, 0.11000100000001112, -0.020004999999997608, -1.690002000000021, 11-1-2014
2.1199960000000146, -1.690002000000021, 0.48001100000001884, -1.3099980000000073, 11-2-2014
1.9799950000000024, -1.3099980000000073, -0.5400080000000003, 0.18000799999998662, 11-3-2014
1.4799959999999999, 0.18000799999998662, -0.04000899999999774, 0.6500090000000114, 11-4-2014
1.3600009999999827, 0.6500090000000114, -0.17001300000001152, 1.590011000000004, 11-5-2014
2.859999999999985, 1.590011000000004, 0.20999199999999973, -0.3999939999999924, 11-6-2014
1.2999879999999848, -0.3999939999999924, -1.0200040000000001, -0.3600010000000111, 11-7-2014
1.2400049999999965, -0.3600010000000111, 0.08000200000000746, 0.7899930000000097, 11-8-2014
1.0, 0.7899930000000097, -0.6899870000000021, 2.059997999999979, 11-9-2014
2.800003000000004, 2.059997999999979, 0.0, 0.0, 11-10-2014
1.25, 0.0, 0.5699920000000134, -2.839997000000011, 11-11-2014
2.860001000000011, -2.839997000000011, 0.1600040000000149, -0.6200100000000077, 11-12-2014
1.1399990000000173, -0.6200100000000077, -0.47999599999999987, -0.3099980000000073, 11-13-2014
1.6999969999999962, -0.3099980000000073, 1.1900030000000186, -0.9100040000000149, 11-14-2014
1.1999969999999962, -0.9100040000000149, 0.6199950000000172, 0.6100009999999827, 11-15-2014
2.800003000000004, 0.6100009999999827, 0.5, -0.8899989999999889, 11-16-2014
1.9400019999999927, -0.8899989999999889, 0.16999799999999254, 0.020004000000000133, 11-17-2014
1.090011000000004, 0.020004000000000133, 0.8000030000000038, -0.5800020000000075, 11-18-2014
1.929992999999996, -0.5800020000000075, -0.5299990000000037, -0.10000599999997917, 11-19-2014
1.9700009999999963, -0.10000599999997917, 0.9300079999999866, 0.1999969999999962, 12-1-2014
1.089997000000011, 0.1999969999999962, -0.1999969999999962, 2.050003000000004, 12-2-2014
2.520004, 2.050003000000004, -0.5100089999999966, 0.040008000000000266, 12-3-2014
1.4900049999999965, 0.040008000000000266, -0.4400019999999927, -0.339997000000011, 12-4-2014
1.5899960000000135, -0.339997000000011, 0.019989000000009582, -1.4299919999999986, 12-5-2014
1.75, -1.4299919999999986, -1.0200049999999976, 2.150008999999983, 12-6-2014
2.2200009999999963, 2.150008999999983, 0.019990000000007058, -2.5, 12-7-2014
3.300003000000004, -2.5, 0.3100120000000004, 0.25, 12-8-2014
2.409988999999996, 0.25, -0.8200070000000039, -4.869994999999989, 12-9-2014
5.1699979999999925, -4.869994999999989, 0.5499879999999848, -2.8699949999999887, 12-10-2014
3.900008999999983, -2.8699949999999887, -1.0299990000000037, -0.6199950000000172, 12-11-2014
4.389998999999989, -0.6199950000000172, 0.11000000000001364, 0.40998899999999594, 12-12-2014
2.199996999999996, 0.40998899999999594, 1.6500090000000114, 4.099990999999989, 12-13-2014
4.379989999999992, 4.099990999999989, -0.1899879999999996, 1.019990000000007, 12-14-2014
2.91999899999999, 1.019990000000007, -0.17999299999999607, 3.109999999999985, 12-15-2014
3.580001999999979, 3.109999999999985, 0.7899940000000072, 0.010008999999996604, 12-16-2014
1.2899929999999813, 0.010008999999996604, 0.6400000000000148, -1.0599980000000073, 12-17-2014
1.3800039999999854, -1.0599980000000073, 0.4499969999999962, 0.06999200000001338, 12-18-2014
1.08000100000001, 0.06999200000001338, -0.3399960000000135, -1.4900049999999965, 12-19-2014
2.8899990000000173, -1.4900049999999965, -0.4899910000000034, 0.02999900000000366, 12-20-2014
1.0300139999999942, 0.02999900000000366, 0.3600009999999827, 0.029998000000006186, 12-21-2014
2.3099980000000073, 0.75, -0.7899940000000072, -1.7600089999999966, 1-1-2015
2.0800020000000075, -1.7600089999999966, 0.16000299999998902, -3.5999909999999886, 1-2-2015
4.790008999999998, -3.5999909999999886, 1.1299899999999923, -2.1499939999999924, 1-3-2015
3.1699979999999925, -2.1499939999999924, 1.1900019999999927, 2.179992999999996, 1-4-2015
3.489990000000006, 2.179992999999996, 0.0, 0.6900030000000186, 1-5-2015
3.0899960000000135, 0.6900030000000186, -0.11000100000001112, -2.5599980000000073, 1-6-2015
3.4900049999999965, -2.5599980000000073, 0.8199930000000109, -0.4499969999999962, 1-7-2015
4.290008, -0.4499969999999962, -1.9499969999999962, 0.9400019999999927, 1-8-2015
2.75, 0.9400019999999927, 0.8899989999999889, -2.1199949999999887, 1-9-2015
2.80999700000001, -2.1199949999999887, -0.75, 3.319991999999985, 1-10-2015
3.8099980000000073, 3.319991999999985, -0.4400019999999927, 0.25, 1-11-2015
3.300003000000004, 0.25, -3.9199979999999925, -0.9400029999999902, 1-12-2015
3.429992999999996, -0.9400029999999902, -0.14999400000002083, 3.449996999999996, 1-13-2015
3.960005999999993, 3.449996999999996, -0.3599999999999852, 0.8399959999999851, 1-14-2015
2.7100070000000187, 0.8399959999999851, 2.390000000000015, -1.8999939999999924, 1-15-2015
3.69000299999999, -1.8999939999999924, -1.4199990000000184, -1.2700040000000001, 1-16-2015
2.5, -1.2700040000000001, 0.33000200000000746, -2.449996999999996, 1-17-2015
2.979996, -2.449996999999996, -0.16999799999999254, 4.099990999999989, 1-18-2015
6.059998000000007, 4.099990999999989, -1.5699920000000134, -0.6000059999999792, 1-19-2015
2.2000119999999868, -0.6000059999999792, 0.6900019999999927, 0.6600039999999865, 1-20-2015
3.150008999999983, 0.6600039999999865, 0.08999600000001351, 3.7200009999999963, 2-1-2015
3.8500060000000076, 3.7200009999999963, -1.259994000000006, -0.25, 2-2-2015
2.010009999999994, -0.25, 0.32998600000001943, 0.6200109999999768, 2-3-2015
1.440002000000021, 0.6200109999999768, -0.570007999999973, -0.6199950000000172, 2-4-2015
1.8500060000000076, -0.6199950000000172, -0.7200009999999963, -0.25, 2-5-2015
2.1000060000000076, -0.25, 0.9900049999999965, 1.8199930000000109, 2-6-2015
3.479996, 1.8199930000000109, -0.8000030000000038, 0.4400019999999927, 2-7-2015
1.919998000000021, 0.4400019999999927, 0.5200040000000001, -0.1999969999999962, 2-8-2015
1.4100039999999865, -0.1999969999999962, 0.25999500000000353, 1.6199949999999887, 2-9-2015
2.160004000000015, 1.6199949999999887, -0.6499939999999924, 1.2100069999999903, 2-10-2015
1.6800079999999866, 1.2100069999999903, 0.8999940000000208, 0.33000099999998156, 2-11-2015
1.8300020000000075, 0.33000099999998156, -0.13999899999998888, 1.839995999999985, 2-12-2015
3.050003000000004, 1.839995999999985, -0.25, 0.009995000000003529, 2-13-2015
2.25, 0.009995000000003529, 0.5800020000000075, -1.3199920000000134, 2-14-2015
1.8999939999999924, -1.3199920000000134, -0.41999899999999, 2.339997000000011, 2-15-2015
3.480009999999993, 2.339997000000011, 0.10999999999998522, -2.1300039999999854, 2-16-2015
2.380004999999983, -2.1300039999999854, 0.9300069999999891, -2.8700100000000077, 2-17-2015
4.369994999999989, -2.8700100000000077, 0.0, 1.070007000000004, 2-18-2015
2.1299890000000232, 1.070007000000004, 0.0, -1.4600059999999928, 2-19-2015
2.1300039999999854, -1.4600059999999928, -0.20999199999999973, 0.7599950000000035, 3-1-2015
1.75, 0.7599950000000035, -0.49000599999999395, -1.1199950000000172, 3-2-2015
1.839997000000011, -1.1199950000000172, 0.4400030000000186, 1.319991999999985, 3-3-2015
1.8000030000000038, 1.319991999999985, -0.9899910000000034, -1.6900019999999927, 3-4-2015
3.3800039999999854, -1.6900019999999927, -0.3000030000000038, 2.570007000000004, 3-5-2015
2.949996999999996, 2.570007000000004, -1.1699979999999925, -1.7900080000000003, 3-6-2015
2.4199979999999925, -1.7900080000000003, 0.7600089999999966, -1.7700040000000001, 3-7-2015
3.199996999999996, -1.7700040000000001, -0.5299990000000037, 1.7099919999999997, 3-8-2015
2.449996999999996, 1.7099919999999997, -0.5199890000000096, -3.1800079999999866, 3-9-2015
4.120010000000008, -3.1800079999999866, 0.7700040000000001, 2.0299990000000037, 3-10-2015
2.2899930000000097, 2.0299990000000037, -0.8800050000000113, 0.7600099999999941, 3-11-2015
1.919998000000021, 0.7600099999999941, -0.1100009999999827, 2.9599919999999997, 3-12-2015
4.899993999999992, 2.9599919999999997, -0.11000100000001112, 0.11000100000001112, 3-13-2015
2.109999999999985, 0.11000100000001112, 1.1399989999999889, 1.930008000000015, 3-14-2015
2.6499939999999924, 1.930008000000015, -0.11000100000001112, 1.8600010000000111, 3-15-2015
2.6200100000000077, 1.8600010000000111, 0.15998799999999846, -1.7899930000000097, 3-16-2015
1.9900049999999965, -1.7899930000000097, 0.08000200000000746, -3.8800050000000113, 3-17-2015
3.8800050000000113, -3.8800050000000113, 0.07000700000000393, 1.3199920000000134, 3-18-2015
2.3399960000000135, 1.3199920000000134, 0.1999969999999962, -0.3899990000000173, 3-19-2015
1.6699979999999925, -0.3899990000000173, 0.9100040000000149, 1.3599999999999852, 3-20-2015
2.3500060000000076, 1.3599999999999852, -1.589995999999985, -0.5800020000000075, 3-21-2015
1.930008000000015, -0.5800020000000075, -0.27000400000000013, -1.0500030000000038, 3-22-2015
2.229996, -1.0500030000000038, 0.34001100000000406, 0.9299929999999961, 4-1-2015
3.649994000000021, 0.9299929999999961, -0.7599950000000035, 2.349991000000017, 4-2-2015
4.100006000000008, 2.349991000000017, -0.36999500000001717, 0.4000090000000114, 4-3-2015
2.2200010000000248, 0.4000090000000114, -0.3500060000000076, 0.13000500000001125, 4-4-2015
2.5400080000000003, 0.13000500000001125, -0.15000900000001138, 0.6399990000000173, 4-5-2015
1.75, 0.6399990000000173, 0.0, 0.5200049999999976, 4-6-2015
2.0800020000000075, 0.5200049999999976, -0.49000600000002237, 0.010010000000022501, 4-7-2015
1.6399989999999889, 0.010010000000022501, 0.039992999999981294, -0.11999499999998875, 4-8-2015
1.9500119999999868, -0.11999499999998875, 0.33000200000000746, 1.5, 4-9-2015
2.4600069999999903, 1.5, -0.8200070000000039, -0.17999299999999607, 4-10-2015
1.4400029999999902, -0.17999299999999607, -1.3800050000000113, -1.0800020000000075, 4-11-2015
1.8300020000000075, -1.0800020000000075, 1.430008000000015, 4.059997999999979, 4-12-2015
4.7400049999999965, 4.059997999999979, -0.08999699999998256, -1.8100120000000004, 4-13-2015
3.3300020000000075, -1.8100120000000004, 0.13000399999998535, 0.9700020000000222, 4-14-2015
3.110001000000011, 0.9700020000000222, -0.13000500000001125, 5.010008999999997, 4-15-2015
6.770004999999998, 5.010008999999997, -0.010008999999996604, -0.4499969999999962, 4-16-2015
2.110001000000011, -0.4499969999999962, 1.1099999999999852, -0.16000299999998902, 4-17-2015
1.1900019999999927, -0.16000299999998902, 0.10000600000000759, 3.089995999999985, 4-18-2015
4.6699979999999925, 3.089995999999985, -0.5200040000000001, 1.0, 4-19-2015
2.3300020000000075, 1.0, -0.6299899999999923, -2.4800109999999904, 4-20-2015
3.979996, -2.4800109999999904, 1.9100039999999865, 0.47000099999999634, 4-21-2015
1.5800020000000075, 0.47000099999999634, 0.8000030000000038, -0.5, 5-1-2015
2.6000060000000076, -0.5, -0.4600059999999928, -0.4299929999999961, 5-2-2015
2.2699890000000096, -0.4299929999999961, -0.18000800000001504, -2.8499909999999886, 5-3-2015
5.190001999999993, -2.8499909999999886, -0.41999799999999254, 1.3599999999999852, 5-4-2015
2.94000299999999, 1.3599999999999852, 1.9499969999999962, -0.2600089999999966, 5-5-2015
1.089997000000011, -0.2600089999999966, -0.02999900000000366, -1.5299990000000037, 5-6-2015
2.1300039999999854, -1.5299990000000037, -0.569991999999985, 0.0, 5-7-2015
2.650008999999983, 0.0, 0.6900019999999927, 1.0399940000000072, 5-8-2015
1.9900049999999965, 1.0399940000000072, 1.2200009999999963, 0.5500030000000038, 5-9-2015
1.179992999999996, 0.5500030000000038, -0.1399990000000173, -0.650008999999983, 5-10-2015
1.809997999999979, -0.650008999999983, 0.18000699999998915, -0.38000399999998535, 5-11-2015
1.1900019999999927, -0.38000399999998535, -0.08999700000001098, 0.5099950000000035, 5-12-2015
1.820007000000004, 0.5099950000000035, -0.1499939999999924, 0.4299929999999961, 5-13-2015
1.9799950000000024, 0.4299929999999961, -0.4399879999999996, 0.019989000000009582, 5-14-2015
1.1000059999999792, 0.019989000000009582, -0.3000030000000038, -0.8199920000000134, 5-15-2015
1.1999969999999962, -0.8199920000000134, -0.10999999999998522, -1.9799959999999999, 5-16-2015
2.9899899999999775, -1.9799959999999999, 1.0299989999999752, 0.8399960000000135, 5-17-2015
1.9899910000000034, 0.8399960000000135, -0.5500030000000038, 0.2600099999999941, 5-18-2015
1.179992000000027, 0.2600099999999941, -0.3600009999999827, -1.7000120000000152, 5-19-2015
1.7000120000000152, -1.7000120000000152, 0.5600129999999979, -0.030013999999994212, 5-20-2015
2.009994000000006, -0.030013999999994212, -0.5199890000000096, -0.01000999999999408, 6-1-2015
2.020004, -0.01000999999999408, 0.8500060000000076, -0.5800020000000075, 6-2-2015
1.929992999999996, -0.5800020000000075, -0.3899989999999889, -1.1499939999999924, 6-3-2015
2.6700130000000115, -1.1499939999999924, -0.13000500000001125, -0.8500060000000076, 6-4-2015
1.7100069999999903, -0.8500060000000076, -0.22999599999999987, -1.830001999999979, 6-5-2015
2.2599950000000035, -1.830001999999979, 0.0, 0.33999699999998256, 6-6-2015
2.6500090000000114, 0.33999699999998256, 0.8100120000000004, 2.429992999999996, 6-7-2015
3.3300009999999816, 2.429992999999996, 0.339997000000011, -0.47999599999999987, 6-8-2015
1.900008999999983, -0.47999599999999987, -0.5500030000000038, -1.2399910000000034, 6-9-2015
1.6100010000000111, -1.2399910000000034, 0.0, -0.7300099999999929, 6-10-2015
2.7400049999999965, -0.7300099999999929, 0.07000700000000393, 0.509994000000006, 6-11-2015
1.489990000000006, 0.509994000000006, 0.1600039999999865, 0.16999799999999254, 6-12-2015
1.75, 0.16999799999999254, -0.11999499999998875, 1.1999969999999962, 6-13-2015
1.6699979999999925, 1.1999969999999962, -0.6300050000000113, -0.6299899999999923, 6-14-2015
1.6499939999999924, -0.6299899999999923, 0.6599889999999959, 0.08000200000000746, 6-15-2015
1.1399990000000173, 0.08000200000000746, 0.6500090000000114, 0.2399899999999775, 6-16-2015
2.3999939999999924, 0.2399899999999775, 0.09001200000000154, -1.740005999999994, 6-17-2015
2.009994000000006, -1.740005999999994, 0.8300020000000075, -1.7200009999999963, 6-18-2015
2.050003000000004, -1.7200009999999963, 0.1499939999999924, -0.7699890000000096, 6-19-2015
1.5800020000000075, -0.7699890000000096, -1.5400089999999977, -0.9499969999999962, 6-20-2015
2.4600070000000187, -0.9499969999999962, 1.0200040000000001, -1.33000100000001, 6-21-2015
1.8800050000000113, -1.33000100000001, 1.3099970000000098, 0.5200040000000001, 6-22-2015
2.0099950000000035, 0.5200040000000001, 0.5599980000000073, 0.039993000000009715, 7-1-2015
0.9000090000000114, 0.039993000000009715, -1.259994000000006, 0.8999939999999924, 7-2-2015
1.7099919999999997, 0.8999939999999924, 0.2100059999999928, 0.05999800000000732, 7-3-2015
3.1200100000000077, 0.05999800000000732, -1.0, -0.8399960000000135, 7-4-2015
2.2600089999999966, -0.8399960000000135, 2.179992000000027, -1.489990000000006, 7-5-2015
1.8099980000000073, -1.489990000000006, 1.809997999999979, 1.2899930000000097, 7-6-2015
1.8799899999999923, 1.2899930000000097, 0.9799959999999999, 1.4500120000000152, 7-7-2015
2.3699949999999887, 1.4500120000000152, 0.04998799999998482, -0.819991999999985, 7-8-2015
1.2999880000000132, -0.819991999999985, -0.13000500000001125, 0.050003000000003794, 7-9-2015
1.2700040000000001, 0.050003000000003794, 0.9400019999999927, 1.5299990000000037, 7-10-2015
1.929992000000027, 1.5299990000000037, -0.6699979999999925, 2.179992999999996, 7-11-2015
2.4199979999999925, 2.179992999999996, 0.2799980000000062, 0.4300079999999866, 7-12-2015
1.6400000000000148, 0.4300079999999866, -8.880004999999983, -1.2699890000000096, 7-13-2015
4.3300020000000075, -1.2699890000000096, -0.34001100000000406, -2.3799899999999923, 7-14-2015
3.3700100000000077, -2.3799899999999923, -0.08000200000000746, 1.4599919999999997, 7-15-2015
2.9199979999999925, 1.4599919999999997, -0.44000299999999015, -1.5399930000000097, 7-16-2015
2.5199890000000096, -1.5399930000000097, -0.75, 0.07000700000000393, 7-17-2015
1.5799869999999885, 0.07000700000000393, 0.8399969999999826, 0.1399990000000173, 7-18-2015
1.6900019999999927, 0.1399990000000173, -0.050003000000003794, 1.0899960000000135, 7-19-2015
2.110001000000011, 1.0899960000000135, -0.5899960000000135, 0.4600069999999903, 7-20-2015
1.6499939999999924, 0.4600069999999903, 0.4399870000000021, 0.5900110000000041, 7-21-2015
1.429992999999996, 0.5900110000000041, -0.29000800000000027, -2.989990000000006, 7-22-2015
3.950012000000015, -2.989990000000006, -0.3100129999999979, -0.7999879999999848, 8-1-2015
1.9500120000000152, -0.7999879999999848, 1.5, -1.2000120000000152, 8-2-2015
2.05999700000001, -1.2000120000000152, -0.7699889999999812, -0.8099980000000073, 8-3-2015
1.3600000000000136, -0.8099980000000073, -0.43000800000001504, -0.7700040000000001, 8-4-2015
1.9100039999999865, -0.7700040000000001, 1.6500090000000114, -0.020004000000000133, 8-5-2015
1.3500060000000076, -0.020004000000000133, -0.7899930000000097, -0.45001199999998676, 8-6-2015
1.1300039999999854, -0.45001199999998676, -1.25, 1.900008999999983, 8-7-2015
2.570007000000004, 1.900008999999983, -0.10000599999997917, -0.9899910000000034, 8-8-2015
1.7699890000000096, -0.9899910000000034, -0.07000700000000393, 0.75, 8-9-2015
1.6300049999999828, 0.75, -0.5500030000000038, 1.1100010000000111, 8-10-2015
1.9900049999999965, 1.1100010000000111, -0.8000030000000038, 0.5, 8-11-2015
1.2700040000000001, 0.5, -0.8600010000000111, -1.2099919999999997, 8-12-2015
2.259994000000006, -1.2099919999999997, -1.1999969999999962, -0.08000100000000998, 8-13-2015
1.4100039999999865, -0.08000100000000998, -1.1600039999999865, -2.6499939999999924, 8-14-2015
4.4900049999999965, -2.6499939999999924, -5.380005000000011, 0.0, 8-15-2015
4.7599950000000035, 0.0, 3.4700009999999963, -5.979995000000002, 8-16-2015
6.490006000000022, -5.979995000000002, 3.1299890000000232, 2.6100009999999827, 8-17-2015
4.839997000000011, 2.6100009999999827, 1.8000030000000038, 0.039993000000009715, 8-18-2015
3.30999700000001, 0.039993000000009715, -0.7899930000000097, 0.22999599999999987, 8-19-2015
1.0200040000000001, 0.22999599999999987, -0.5999909999999886, 0.5099939999999776, 8-20-2015
2.139998999999989, 0.5099939999999776, -2.9799950000000024, -2.2300109999999904, 8-21-2015
3.1299899999999923, -2.2300109999999904, 2.0600120000000004, 0.3099980000000073, 9-1-2015
1.9000090000000114, 0.3099980000000073, 1.0, 0.7299959999999999, 9-2-2015
2.2599950000000035, 0.7299959999999999, -2.2099919999999997, -0.8700100000000077, 9-3-2015
2.0799869999999885, -0.8700100000000077, 2.160004000000015, 1.3699949999999887, 9-4-2015
1.679992000000027, 1.3699949999999887, 1.5100089999999966, -3.6900019999999927, 9-5-2015
4.189987000000002, -3.6900019999999927, 0.8000030000000038, 0.3499909999999886, 9-6-2015
2.650008999999983, 0.3499909999999886, -0.2899930000000097, 1.4599910000000023, 9-7-2015
1.8300020000000075, 1.4599910000000023, 0.0, -1.7200009999999963, 9-8-2015
1.9599910000000023, -1.7200009999999963, 0.9500120000000152, 0.9299929999999961, 9-9-2015
2.1699979999999925, 0.9299929999999961, 0.30999700000000985, 0.570007999999973, 9-10-2015
1.3500059999999792, 0.570007999999973, -0.3099979999999789, 0.039992999999981294, 9-11-2015
2.3799899999999923, 0.039992999999981294, -2.089995999999985, -1.5400080000000003, 9-12-2015
2.410002999999989, -1.5400080000000003, 0.8800039999999854, 1.089997000000011, 9-13-2015
2.0599980000000073, 1.089997000000011, -1.8600010000000111, -0.19000199999999268, 9-14-2015
1.2899940000000072, -0.19000199999999268, -0.2199860000000058, -0.5500030000000038, 9-15-2015
1.820007000000004, -0.5500030000000038, -1.059997999999979, 1.809997999999979, 9-16-2015
3.1200100000000077, 1.809997999999979, 1.1399990000000173, -0.13000500000001125, 9-17-2015
1.7400049999999965, -0.13000500000001125, -1.0, -1.8999939999999924, 9-18-2015
2.910004000000015, -1.8999939999999924, -0.5299990000000037, 0.47999599999999987, 9-19-2015
1.510009999999994, 0.47999599999999987, 1.2200009999999963, 1.2799990000000037, 9-20-2015
2.050003000000004, 1.2799990000000037, 0.339997000000011, -1.7200019999999938, 9-21-2015
4.080001999999979, -1.7200019999999938, -2.5399930000000097, 3.5299990000000037, 10-1-2015
4.029998000000006, 3.5299990000000037, 1.2400049999999965, 3.219986000000006, 10-2-2015
4.069991999999985, 3.219986000000006, 0.020004999999997608, -0.27999900000000366, 10-3-2015
1.659988999999996, -0.27999900000000366, 1.259994000000006, 0.050003000000003794, 10-4-2015
1.8699949999999887, 0.050003000000003794, -0.39999400000002083, 2.589997000000011, 10-5-2015
3.7300109999999904, 2.589997000000011, 0.18000799999998662, -0.0700080000000014, 10-6-2015
1.8799899999999923, -0.0700080000000014, 0.009995000000003529, -1.2599950000000035, 10-7-2015
1.7299959999999999, -1.2599950000000035, -0.3599999999999852, -1.160004000000015, 10-8-2015
1.6000060000000076, -1.160004000000015, -0.01998899999998116, 0.40998899999999594, 10-9-2015
1.6299899999999923, 0.40998899999999594, 0.900008999999983, -0.820007999999973, 10-10-2015
2.660002999999989, -0.820007999999973, 0.3600009999999827, -0.05999800000000732, 10-11-2015
1.9400019999999927, -0.05999800000000732, -0.5399929999999813, -0.6300050000000113, 10-12-2015
1.589995999999985, -0.6300050000000113, -6.729996, -1.8500060000000076, 10-13-2015
2.610001000000011, -1.8500060000000076, -0.3899989999999889, 0.6699979999999925, 10-14-2015
3.3600009999999827, 0.6699979999999925, 0.8200070000000039, 2.349991000000017, 10-15-2015
3.450012000000015, 2.349991000000017, 0.5200049999999976, 0.06999199999998496, 10-16-2015
1.7900080000000003, 0.06999199999998496, 0.07000700000000393, -1.0899960000000135, 10-17-2015
1.7899930000000097, -1.0899960000000135, -0.15000899999998296, -5.649993999999992, 10-18-2015
6.5, -5.649993999999992, 0.059996999999981426, 2.910004000000015, 10-19-2015
3.729996, 2.910004000000015, -0.47000099999999634, 0.19000199999999268, 10-20-2015
1.8000030000000038, 0.19000199999999268, -0.11000100000001112, -0.3599999999999852, 10-21-2015
1.430008000000015, -0.3599999999999852, 0.41999799999999254, -0.13000500000001125, 10-22-2015
0.9499969999999962, -0.13000500000001125, -0.3499909999999886, 1.8600010000000111, 11-1-2015
2.9000090000000114, 1.8600010000000111, 0.6699979999999925, -0.9199979999999925, 11-2-2015
1.3499909999999886, -0.9199979999999925, -0.020004000000000133, -1.7200020000000222, 11-3-2015
2.75, -1.7200020000000222, -1.2899929999999813, -0.3500060000000076, 11-4-2015
1.680008000000015, -0.3500060000000076, -0.33000200000000746, -2.609999999999985, 11-5-2015
3.199996999999996, -2.609999999999985, 0.050003000000003794, 0.10999999999998522, 11-6-2015
1.6200100000000077, 0.10999999999998522, 0.6199950000000172, -1.0699920000000134, 11-7-2015
1.6999969999999962, -1.0699920000000134, -0.3200070000000039, -1.6600039999999865, 11-8-2015
1.6900019999999927, -1.6600039999999865, -0.08999600000001351, -1.1999969999999962, 11-9-2015
1.3500060000000076, -1.1999969999999962, 0.039993000000009715, 1.9200139999999806, 11-10-2015
2.300003000000004, 1.9200139999999806, 0.509994000000006, -0.3999939999999924, 11-11-2015
1.5100089999999966, -0.3999939999999924, 0.9699860000000058, 1.0300139999999942, 11-12-2015
1.650008999999983, 1.0300139999999942, 0.38999999999998636, 0.5299980000000062, 11-13-2015
1.730009999999993, 0.5299980000000062, 0.6299899999999923, 1.1300050000000113, 11-14-2015
1.6699979999999925, 1.1300050000000113, 0.02999900000000366, -0.06999200000001338, 11-15-2015
1.75, -0.06999200000001338, -0.8100129999999979, 0.9500120000000152, 11-16-2015
2.029998000000006, 0.9500120000000152, -0.23001100000001884, -0.36999499999998875, 11-17-2015
1.0499879999999848, -0.36999499999998875, 0.0, 0.4600069999999903, 11-18-2015
1.599991000000017, 0.4600069999999903, 0.14999400000002083, 0.8099969999999814, 11-19-2015
1.3799899999999923, 0.8099969999999814, 0.1600040000000149, 1.6999969999999962, 11-20-2015
1.819991999999985, 1.6999969999999962, -0.3500060000000076, -1.2299959999999999, 12-1-2015
1.7100069999999903, -1.2299959999999999, 0.4000090000000114, -1.180008000000015, 12-2-2015
2.539994000000007, -1.180008000000015, -0.830001999999979, 2.3399969999999826, 12-3-2015
3.0299990000000037, 2.3399969999999826, -0.2699890000000096, -0.6100009999999827, 12-4-2015
1.6000059999999792, -0.6100009999999827, -1.2700040000000001, -0.22999599999999987, 12-5-2015
1.5299990000000037, -0.22999599999999987, -0.6699979999999925, -0.7700040000000001, 12-6-2015
3.6100000000000136, -0.7700040000000001, 0.41999799999999254, -0.25, 12-7-2015
2.1300050000000113, -0.25, -1.5500030000000038, -0.6599889999999959, 12-8-2015
1.5299980000000062, -0.6599889999999959, 0.7399910000000034, 0.6199949999999887, 12-9-2015
2.1199949999999887, 0.6199949999999887, 1.4700009999999963, 0.3899990000000173, 12-10-2015
1.6900019999999927, 0.3899990000000173, 1.330001999999979, 0.16999800000002097, 12-11-2015
1.8600009999999827, 0.16999800000002097, 0.060012999999997874, -2.6000060000000076, 12-12-2015
3.1900019999999927, -2.6000060000000076, -0.3399960000000135, -1.510009999999994, 12-13-2015
2.69000299999999, -1.510009999999994, 0.930008000000015, -0.33000200000000746, 12-14-2015
1.8099980000000073, -0.33000200000000746, 0.38000500000001125, 2.049987999999985, 12-15-2015
2.5400080000000003, 2.049987999999985, 0.3700100000000077, 0.23999000000000592, 12-16-2015
1.1999969999999962, 0.23999000000000592, -0.11000000000001364, -0.17999299999999607, 12-17-2015
0.7700040000000001, -0.17999299999999607, -0.5099950000000035, -0.13000399999998535, 12-18-2015
1.5, -0.13000399999998535, 0.6399989999999889, 1.5299990000000037, 12-19-2015
1.8600010000000111, 1.5299990000000037, -0.1999969999999962, -0.24000599999999395, 12-20-2015
1.2200009999999963, -0.24000599999999395, -0.2699890000000096, -1.4500120000000152, 12-21-2015
1.7299959999999999, 0.3499909999999886, 0.8099980000000073, -0.9099889999999959, 1-1-2016
2.0399929999999813, -0.9099889999999959, -1.4700009999999963, 0.7899929999999813, 1-2-2016
1.9600070000000187, 0.7899929999999813, -1.4700009999999963, -0.8399959999999851, 1-3-2016
2.590011000000004, -0.8399959999999851, 0.31999199999998496, -1.5499879999999848, 1-4-2016
2.5, -1.5499879999999848, 0.17999299999999607, 1.4199979999999925, 1-5-2016
2.0600120000000004, 1.4199979999999925, 0.41999799999999254, -0.75, 1-6-2016
2.6499939999999924, -0.75, 0.6000060000000076, -2.3300020000000075, 1-7-2016
3.179992999999996, -2.3300020000000075, 0.7599950000000035, 0.9800109999999904, 1-8-2016
2.5699920000000134, 0.9800109999999904, -2.900008999999983, 0.020004000000000133, 1-9-2016
2.0100100000000225, 0.020004000000000133, 0.08000200000000746, -2.0, 1-10-2016
4.040008, -2.0, -9.650002000000015, 3.4000020000000006, 1-11-2016
5.989998, 3.4000020000000006, -0.5599979999999931, 1.610000999999997, 1-12-2016
4.519996000000006, 1.610000999999997, 1.759994000000006, -2.1699980000000068, 1-13-2016
2.9700009999999963, -2.1699980000000068, -0.40000200000000063, -0.01999600000000612, 1-14-2016
2.5900039999999933, -0.01999600000000612, 0.16999800000000675, 0.3399959999999993, 1-15-2016
1.370002999999997, 0.3399959999999993, 0.1400069999999971, -1.7700040000000001, 1-16-2016
2.7200009999999963, -1.7700040000000001, 0.3000030000000038, 0.9599989999999963, 1-17-2016
1.8199999999999932, 0.9599989999999963, 1.0599980000000073, 1.510002, 1-18-2016
1.8300020000000075, 1.510002, -0.3899990000000031, 0.4299999999999926, 1-19-2016
1.5800020000000075, 0.4299999999999926, -1.1600039999999865, -0.7299959999999999, 2-1-2016
1.5, -0.7299959999999999, 1.049995999999993, 0.7300029999999964, 2-2-2016
3.1599959999999925, 0.7300029999999964, 0.3600009999999969, 2.5700000000000074, 2-3-2016
3.5, 2.5700000000000074, -0.4300010000000043, 1.3500060000000076, 2-4-2016
2.7900009999999895, 1.3500060000000076, -2.570007000000004, 0.9800029999999964, 2-5-2016
3.380004999999997, 0.9800029999999964, -0.8599999999999994, -2.050003000000004, 2-6-2016
3.1600030000000032, -2.050003000000004, 0.9300000000000068, -4.809997999999993, 2-7-2016
5.450005000000004, -4.809997999999993, -1.4100030000000032, -0.9300010000000043, 2-8-2016
2.760002, -0.9300010000000043, 1.4100040000000007, 1.7799990000000037, 2-9-2016
2.7000050000000044, 1.7799990000000037, 0.7900009999999895, 0.9099960000000067, 2-10-2016
1.75, 0.9099960000000067, 0.9700009999999963, 2.389999000000003, 2-11-2016
3.319999999999993, 2.389999000000003, 3.9000020000000006, 2.449996999999996, 2-12-2016
4.25, 2.449996999999996, -0.08999599999998509, 0.7200009999999963, 2-13-2016
2.809997999999979, 0.7200009999999963, 0.0, 0.6900019999999927, 2-14-2016
1.8999940000000208, 0.6900019999999927, -0.6300050000000113, -0.7400049999999965, 2-15-2016
1.400008999999983, -0.7400049999999965, -0.8499909999999886, 1.25, 2-16-2016
3.8100120000000004, 1.25, 0.4899900000000059, 1.2100069999999903, 2-17-2016
3.6299899999999923, 1.2100069999999903, 0.009995000000003529, -2.479996, 2-18-2016
2.9700009999999963, -2.479996, -0.02999900000000366, -0.9700009999999963, 2-19-2016
2.4600070000000187, -0.9700009999999963, 1.2100059999999928, 2.1299899999999923, 2-20-2016
2.609999999999985, 2.1299899999999923, -0.6699979999999925, 2.6000060000000076, 3-1-2016
4.220000999999996, 2.6000060000000076, 0.9199979999999925, 0.5800020000000075, 3-2-2016
1.8899999999999864, 0.5800020000000075, -0.2600099999999941, 0.2600099999999941, 3-3-2016
2.3999939999999924, 0.2600099999999941, -0.5200040000000001, 2.8699949999999887, 3-4-2016
3.640000000000015, 2.8699949999999887, -0.4399870000000021, -0.6399999999999864, 3-5-2016
2.930008000000015, -0.6399999999999864, 0.2399910000000034, 1.1000059999999792, 3-6-2016
2.9400019999999927, 1.1000059999999792, 0.83000100000001, -1.0500030000000038, 3-7-2016
3.380004999999983, -1.0500030000000038, 1.5399940000000072, 0.6300050000000113, 3-8-2016
2.410002999999989, 0.6300050000000113, -0.3500060000000076, 0.7700040000000001, 3-9-2016
2.150008999999983, 0.7700040000000001, -1.0399940000000072, 1.2200019999999938, 3-10-2016
1.7900089999999977, 1.2200019999999938, -0.34001200000000154, 2.169998000000021, 3-11-2016
2.770004, 2.169998000000021, -0.009994000000006054, 2.259994000000006, 3-12-2016
2.8700100000000077, 2.259994000000006, 0.3600009999999827, -0.3099979999999789, 3-13-2016
2.0, -0.3099979999999789, 0.21000699999999028, 1.3300020000000075, 3-14-2016
1.990005999999994, 1.3300020000000075, -0.5700070000000039, 0.040008000000000266, 3-15-2016
1.4400029999999902, 0.040008000000000266, -0.10000600000000759, -2.6000060000000076, 3-16-2016
2.8999939999999924, -2.6000060000000076, -0.41999799999999254, 2.9700009999999963, 3-17-2016
3.729996, 2.9700009999999963, -0.1999969999999962, 0.6499939999999924, 3-18-2016
1.4199979999999925, 0.6499939999999924, -0.8099979999999789, 1.740005999999994, 3-19-2016
2.2599950000000035, 1.740005999999994, 0.6199949999999887, -1.5399930000000097, 3-20-2016
2.0899969999999826, -1.5399930000000097, 1.3799890000000232, 1.6600039999999865, 3-21-2016
3.7400049999999965, 1.6600039999999865, -0.9400019999999927, 2.0100089999999966, 3-22-2016
2.7100069999999903, 2.0100089999999966, -0.18000799999998662, -0.2699890000000096, 4-1-2016
1.6100000000000136, -0.2699890000000096, -0.6400140000000079, -1.429992999999996, 4-2-2016
1.9500120000000152, -1.429992999999996, -0.10000600000000759, 0.12001000000000772, 4-3-2016
2.339995999999985, 0.12001000000000772, -0.9499969999999962, -0.8200070000000039, 4-4-2016
1.6000060000000076, -0.8200070000000039, 0.8099980000000073, 0.29000800000000027, 4-5-2016
1.8700100000000077, 0.29000800000000027, 0.9099889999999959, -1.0099950000000035, 4-6-2016
2.729996, -1.0099950000000035, 0.3600010000000111, 0.020004000000000133, 4-7-2016
1.5299990000000037, 0.020004000000000133, 1.1199949999999887, 0.47999599999999987, 4-8-2016
1.5999909999999886, 0.47999599999999987, 0.27000400000000013, -0.3399960000000135, 4-9-2016
2.3799899999999923, -0.3399960000000135, -0.12001099999997678, 0.6800079999999866, 4-10-2016
1.1399990000000173, 0.6800079999999866, 0.0, 0.8099980000000073, 4-11-2016
1.6499939999999924, 0.8099980000000073, -6.059998000000007, -2.4700009999999963, 4-12-2016
4.339995999999985, -2.4700009999999963, 0.24000499999999647, 1.8699960000000146, 4-13-2016
3.199996999999996, 1.8699960000000146, 0.47000099999999634, 2.7200009999999963, 4-14-2016
3.6599879999999985, 2.7200009999999963, 0.13999899999998888, -0.9400019999999927, 4-15-2016
3.5, -0.9400019999999927, -0.3399960000000135, 0.6499940000000208, 4-16-2016
1.7899929999999813, 0.6499940000000208, -0.1600040000000149, 0.43000800000001504, 4-17-2016
1.8899990000000173, 0.43000800000001504, 0.27000400000000013, 1.1199949999999887, 4-18-2016
1.8099980000000073, 1.1199949999999887, -0.7200009999999963, -2.679992999999996, 4-19-2016
3.449996999999996, -2.679992999999996, -0.5800020000000075, -0.5500030000000038, 4-20-2016
3.149994000000021, -0.5500030000000038, 0.6199960000000146, -1.2899940000000072, 4-21-2016
2.570007000000004, -1.2899940000000072, -0.6200100000000077, -0.5199889999999812, 5-1-2016
2.0, -0.5199889999999812, -0.7700040000000001, 0.8899989999999889, 5-2-2016
1.6900019999999927, 0.8899989999999889, 1.6999969999999962, 0.5200040000000001, 5-3-2016
1.8500060000000076, 0.5200040000000001, -1.6099999999999852, 2.4299919999999986, 5-4-2016
3.5, 2.4299919999999986, 0.4100039999999865, -0.3600009999999827, 5-5-2016
1.1900019999999927, -0.3600009999999827, 0.900008999999983, 1.7299959999999999, 5-6-2016
2.2999880000000132, 1.7299959999999999, -0.25999400000000605, -0.7600099999999941, 5-7-2016
2.349991000000017, -0.7600099999999941, 0.2600099999999941, -0.3700109999999768, 5-8-2016
2.2799979999999778, -0.3700109999999768, -0.050003000000003794, -1.0699920000000134, 5-9-2016
2.4400030000000186, -1.0699920000000134, -0.07000700000000393, 1.8100129999999979, 5-10-2016
2.550003000000004, 1.8100129999999979, -0.25, -1.2100069999999903, 5-11-2016
2.2100069999999903, -1.2100069999999903, -0.009995000000003529, -0.650008999999983, 5-12-2016
2.160002999999989, -0.650008999999983, -0.8600000000000136, -1.5500030000000038, 5-13-2016
2.969986000000006, -1.5500030000000038, 0.7800139999999942, 1.5399930000000097, 5-14-2016
1.9599919999999997, 1.5399930000000097, 0.3600010000000111, -0.839997000000011, 5-15-2016
1.2899930000000097, -0.839997000000011, 0.11000100000001112, 1.429992999999996, 5-16-2016
1.8699949999999887, 1.429992999999996, 0.6199949999999887, 2.7600089999999966, 5-17-2016
3.5899960000000135, 2.7600089999999966, -0.13999899999998888, 0.8899989999999889, 5-18-2016
1.4599919999999997, 0.8899989999999889, -0.08999599999998509, 0.4899900000000059, 5-19-2016
0.7799990000000037, 0.4899900000000059, -0.2799980000000062, 1.1800069999999891, 5-20-2016
1.5399940000000072, 1.1800069999999891, -0.7400049999999965, -0.49000499999999647, 5-21-2016
1.7300109999999904, -0.49000499999999647, 0.08000100000000998, 0.9100039999999865, 6-1-2016
1.3800050000000113, 0.9100039999999865, -1.1000060000000076, 0.49000499999999647, 6-2-2016
1.3399960000000135, 0.49000499999999647, 0.19999700000002463, -0.36000000000001364, 6-3-2016
1.6100009999999827, -0.36000000000001364, 0.5800020000000075, 0.020004000000000133, 6-4-2016
1.2699890000000096, 0.020004000000000133, 0.1999969999999962, 0.47000099999999634, 6-5-2016
1.0500030000000038, 0.47000099999999634, -1.0800020000000075, 0.5, 6-6-2016
1.0299990000000037, 0.5, -0.6300049999999828, -0.41999800000002097, 6-7-2016
1.4700009999999963, -0.41999800000002097, -0.7399899999999775, -0.3500060000000076, 6-8-2016
2.2200009999999963, -0.3500060000000076, 0.0, -0.22000099999999634, 6-9-2016
1.3899990000000173, -0.22000099999999634, 0.40000899999998296, -0.7800139999999942, 6-10-2016
1.1899870000000021, -0.7800139999999942, -0.4899910000000034, 0.8699960000000146, 6-11-2016
2.2899930000000097, 0.8699960000000146, -0.09999100000001704, 1.0299980000000062, 6-12-2016
2.1199949999999887, 1.0299980000000062, 0.6100010000000111, 1.0099950000000035, 6-13-2016
2.1499939999999924, 1.0099950000000035, 0.5500029999999754, -0.1100009999999827, 6-14-2016
0.8800050000000113, -0.1100009999999827, -0.3000030000000038, -0.8300020000000075, 6-15-2016
2.44000299999999, -0.8300020000000075, 0.5299990000000037, 1.9000090000000114, 6-16-2016
2.8799899999999923, 1.9000090000000114, -5.380005000000011, -3.380004999999983, 6-17-2016
4.430008000000015, -3.380004999999983, -0.41000300000001744, -2.679992999999996, 6-18-2016
4.100006000000008, -2.679992999999996, 1.2799990000000037, 0.9199979999999925, 6-19-2016
1.5099950000000035, 0.9199979999999925, 0.8000030000000038, 1.9600069999999903, 6-20-2016
2.0299990000000037, 1.9600069999999903, 0.39999400000002083, 2.9199979999999925, 6-21-2016
3.240005999999994, 2.9199979999999925, 0.0, 0.5700070000000039, 6-22-2016
1.570007000000004, 0.5700070000000039, -1.160004000000015, 0.4899910000000034, 7-1-2016
1.2400049999999965, 0.4899910000000034, 0.17001300000001152, 0.5199889999999812, 7-2-2016
2.490005999999994, 0.5199889999999812, 0.38000500000001125, -0.1499939999999924, 7-3-2016
1.8000030000000038, -0.1499939999999924, 1.3999939999999924, 0.4600069999999903, 7-4-2016
1.5200040000000001, 0.4600069999999903, 0.1399990000000173, 0.7299959999999999, 7-5-2016
1.5399930000000097, 0.7299959999999999, 0.6699979999999925, 1.0399930000000097, 7-6-2016
1.5999909999999886, 1.0399930000000097, 0.7100069999999903, 0.27000400000000013, 7-7-2016
1.2799980000000062, 0.27000400000000013, 0.7899940000000072, 1.4700009999999963, 7-8-2016
2.819991999999985, 1.4700009999999963, -0.38000500000001125, -0.11999499999998875, 7-9-2016
1.4799959999999999, -0.11999499999998875, -0.47999599999999987, 0.5599980000000073, 7-10-2016
2.020004, 0.5599980000000073, 1.9199979999999925, -2.199996999999996, 7-11-2016
4.25, -2.199996999999996, 0.3899989999999889, 1.3900000000000148, 7-12-2016
2.1100009999999827, 1.3900000000000148, -0.6100010000000111, -0.3000030000000038, 7-13-2016
1.9600070000000187, -0.3000030000000038, 0.33000200000000746, 1.2900080000000003, 7-14-2016
1.6900019999999927, 1.2900080000000003, -0.07000700000000393, 0.6499939999999924, 7-15-2016
1.1300050000000113, 0.6499939999999924, 0.0, -0.5299990000000037, 7-16-2016
2.230011000000019, -0.5299990000000037, 0.0, -0.2899929999999813, 7-17-2016
1.3900140000000079, -0.2899929999999813, -0.4499969999999962, -0.010010000000022501, 7-18-2016
1.099991000000017, -0.010010000000022501, -0.009993999999977632, -0.7400060000000224, 7-19-2016
1.6399989999999889, -0.7400060000000224, 0.02999900000000366, 0.8000030000000038, 7-20-2016
1.809997999999979, 0.8000030000000038, -0.17999299999999607, -0.6900019999999927, 8-1-2016
1.089995999999985, -0.6900019999999927, -0.4499969999999962, 0.5399929999999813, 8-2-2016
1.0599980000000073, 0.5399929999999813, 0.19000300000001857, 0.6900019999999927, 8-3-2016
1.5800020000000075, 0.6900019999999927, 0.4499969999999962, 1.5, 8-4-2016
1.9399879999999996, 1.5, -0.7700040000000001, -0.6900029999999902, 8-5-2016
1.6900019999999927, -0.6900029999999902, 0.18000799999998662, -0.4499969999999962, 8-6-2016
1.1200100000000077, -0.4499969999999962, 0.41999799999999254, -0.10999999999998522, 8-7-2016
0.6999969999999962, -0.10999999999998522, 0.16999799999999254, 1.2799990000000037, 8-8-2016
2.770004, 1.2799990000000037, -0.339997000000011, -1.2400049999999965, 8-9-2016
1.9400029999999902, -1.2400049999999965, 0.4499969999999962, -0.5199889999999812, 8-10-2016
1.1900019999999927, -0.5199889999999812, -0.7700040000000001, -0.4100040000000149, 8-11-2016
1.2399910000000034, -0.4100040000000149, 0.27000400000000013, -0.5299990000000037, 8-12-2016
1.320007999999973, -0.5299990000000037, 0.4499969999999962, 0.47000200000002224, 8-13-2016
1.5599980000000073, 0.47000200000002224, -0.5200049999999976, -0.8000030000000038, 8-14-2016
1.3899999999999864, -0.8000030000000038, -0.039993000000009715, 0.0, 8-15-2016
1.4400019999999927, 0.0, 0.33000200000000746, -0.07000700000000393, 8-16-2016
1.1100000000000136, -0.07000700000000393, -0.36999600000001465, -0.8399959999999851, 8-17-2016
1.8599859999999921, -0.8399959999999851, -0.050003000000003794, -0.36999499999998875, 8-18-2016
1.1199950000000172, -0.36999499999998875, 0.25, -0.5599980000000073, 8-19-2016
2.589995999999985, -0.5599980000000073, 0.5099950000000035, 0.8899989999999889, 8-20-2016
1.7100069999999903, 0.8899989999999889, 0.03999400000000719, -0.3600010000000111, 8-21-2016
1.339995999999985, -0.3600010000000111, 0.2600099999999941, -0.7799989999999752, 8-22-2016
1.400008999999983, -0.7799989999999752, -0.5599980000000073, 1.2199860000000058, 8-23-2016
1.5199889999999812, 1.2199860000000058, 0.34001200000000154, -0.33000200000000746, 9-1-2016
1.4200130000000115, -0.33000200000000746, 0.33000200000000746, 0.47000099999999634, 9-2-2016
1.75, 0.47000099999999634, -0.1600040000000149, 1.4499969999999962, 9-3-2016
1.7599950000000035, 1.4499969999999962, -1.089995999999985, -1.5500030000000038, 9-4-2016
2.4500119999999868, -1.5500030000000038, -0.9700009999999963, -2.339997000000011, 9-5-2016
2.75, -2.339997000000011, -0.43000699999998915, 3.029998000000006, 9-6-2016
3.69000299999999, 3.029998000000006, -0.6599879999999985, -1.820007000000004, 9-7-2016
2.429992999999996, -1.820007000000004, -0.11000100000001112, -1.6499939999999924, 9-8-2016
2.479996, -1.6499939999999924, 0.25, 1.3600009999999827, 9-9-2016
3.119995000000017, 1.3600009999999827, -0.6200109999999768, -1.1999969999999962, 9-10-2016
1.929992999999996, -1.1999969999999962, 1.0299989999999752, 0.0, 9-11-2016
1.6399989999999889, 0.0, 1.0, -1.4199979999999925, 9-12-2016
2.1200100000000077, -1.4199979999999925, 0.4600069999999903, 0.6199950000000172, 9-13-2016
1.8099980000000073, 0.6199950000000172, 0.6199949999999887, -0.039992999999981294, 9-14-2016
1.5299990000000037, -0.039992999999981294, -0.49000600000002237, -0.6399989999999889, 9-15-2016
1.3299860000000194, -0.6399989999999889, -0.5199890000000096, -0.4800109999999904, 9-16-2016
1.0, -0.4800109999999904, 0.34001100000000406, 2.449996999999996, 9-17-2016
2.960005999999993, 2.449996999999996, 0.22000099999999634, 1.2999880000000132, 9-18-2016
2.4000090000000114, 1.2999880000000132, 0.34001200000000154, -0.5200040000000001, 9-19-2016
7.53999300000001, -0.5200040000000001, 0.7899929999999813, -0.04998799999998482, 9-20-2016
1.7799980000000062, -0.04998799999998482, -0.7900080000000003, -0.4499969999999962, 9-21-2016
1.3499909999999886, -0.4499969999999962, 0.059996999999981426, -1.2099910000000023, 10-1-2016
2.7099919999999997, -1.2099910000000023, 0.6100000000000136, 0.009995000000003529, 10-2-2016
1.1100010000000111, 0.009995000000003529, -0.24000599999999395, 0.04000899999999774, 10-3-2016
1.5399940000000072, 0.04000899999999774, 0.25999399999997763, -1.4700009999999963, 10-4-2016
2.839995999999985, -1.4700009999999963, 1.0400089999999977, 0.30999700000000985, 10-5-2016
1.83000100000001, 0.30999700000000985, -0.29000800000000027, -1.9400029999999902, 10-6-2016
3.0599980000000073, -1.9400029999999902, 0.18000799999998662, -0.6800079999999866, 10-7-2016
1.8899989999999889, -0.6800079999999866, -0.5899960000000135, 0.020004000000000133, 10-8-2016
1.9499969999999962, 0.020004000000000133, 0.75, -0.020004000000000133, 10-9-2016
1.4400029999999902, -0.020004000000000133, 0.0, 0.3200070000000039, 10-10-2016
1.5500029999999754, 0.3200070000000039, -4.75, 0.6999969999999962, 10-11-2016
3.2100069999999903, 0.6999969999999962, 0.5500030000000038, -0.010008999999996604, 10-12-2016
1.6199949999999887, -0.010008999999996604, 0.020004000000000133, 0.24000499999999647, 10-13-2016
1.8799899999999923, 0.24000499999999647, -0.9400019999999927, -0.9499969999999962, 10-14-2016
1.589995999999985, -0.9499969999999962, 0.7699889999999812, 0.17001300000001152, 10-15-2016
1.1200100000000077, 0.17001300000001152, 0.0, 0.3099980000000073, 10-16-2016
1.330001999999979, 0.3099980000000073, -0.16999800000002097, 1.099991000000017, 10-17-2016
2.680006999999989, 1.099991000000017, 1.0100089999999966, 0.5299990000000037, 10-18-2016
2.039994000000007, 0.5299990000000037, 0.6999969999999962, -1.4400019999999927, 10-19-2016
2.2600089999999966, -1.4400019999999927, 0.1499939999999924, 0.9300069999999891, 10-20-2016
1.570007000000004, 0.9300069999999891, -0.19000199999999268, -0.7100069999999903, 10-21-2016
2.16999899999999, -0.7100069999999903, -0.30999700000000985, -0.5299990000000037, 11-1-2016
1.680008000000015, -0.5299990000000037, 0.5599980000000073, -0.14000000000001478, 11-2-2016
1.9400019999999927, -0.14000000000001478, 0.02999900000000366, 0.02999900000000366, 11-3-2016
1.7700040000000001, 0.02999900000000366, 1.5600120000000004, 1.7299959999999999, 11-4-2016
2.2700049999999976, 1.7299959999999999, -1.160002999999989, 0.6099999999999852, 11-5-2016
2.8699949999999887, 0.6099999999999852, -2.2099910000000023, 1.849991000000017, 11-6-2016
4.559998000000007, 1.849991000000017, 2.850005999999979, 2.55999700000001, 11-7-2016
3.570007999999973, 2.55999700000001, -0.25, 1.3000030000000038, 11-8-2016
2.009994000000006, 1.3000030000000038, -0.020004000000000133, -3.0399930000000097, 11-9-2016
4.279999000000004, -3.0399930000000097, 0.20999100000000226, 0.25, 11-10-2016
1.5999909999999886, 0.25, -0.20999100000000226, 0.8299860000000194, 11-11-2016
1.5200040000000001, 0.8299860000000194, -0.06999200000001338, 0.5800020000000075, 11-12-2016
1.0799869999999885, 0.5800020000000075, 0.0, 0.5899959999999851, 11-13-2016
1.509994000000006, 0.5899959999999851, 0.3000030000000038, 2.0800020000000075, 11-14-2016
2.6300050000000113, 2.0800020000000075, 0.22999599999999987, -0.33000200000000746, 11-15-2016
1.0500030000000038, -0.33000200000000746, -0.7299959999999999, 0.03999400000000719, 11-16-2016
1.0200040000000001, 0.03999400000000719, -0.1499939999999924, 1.3099969999999814, 11-17-2016
1.3599999999999852, 1.3099969999999814, 0.05999800000000732, 1.320007000000004, 11-18-2016
1.9600069999999903, 1.320007000000004, -0.5200040000000001, -0.47000099999999634, 11-19-2016
1.3800049999999828, -0.47000099999999634, -0.17999299999999607, -1.1300050000000113, 11-20-2016
1.5899960000000135, -1.1300050000000113, -0.27000400000000013, -2.1299899999999923, 11-21-2016
3.8999939999999924, -2.1299899999999923, -0.8200070000000039, 1.0200040000000001, 12-1-2016
1.8799890000000232, 1.0200040000000001, 0.8300020000000075, -1.010009999999994, 12-2-2016
1.559997999999979, -1.010009999999994, 0.29000899999999774, 0.22000099999999634, 12-3-2016
1.8600000000000136, 0.22000099999999634, 0.25, 4.189987000000002, 12-4-2016
4.789994000000007, 4.189987000000002, 0.08000199999997903, 0.49000600000002237, 12-5-2016
1.7799990000000037, 0.49000600000002237, -0.18000800000001504, 1.340011000000004, 12-6-2016
2.1199949999999887, 1.340011000000004, 0.1999969999999962, -1.2200009999999963, 12-7-2016
1.7199860000000058, -1.2200009999999963, 0.17999299999999607, 2.6100000000000136, 12-8-2016
4.270004, 2.6100000000000136, 0.08000199999997903, 0.14000000000001478, 12-9-2016
2.4400019999999927, 0.14000000000001478, -0.5, 0.010008999999996604, 12-10-2016
2.070007000000004, 0.010008999999996604, 0.9499969999999962, -2.2400049999999965, 12-11-2016
3.050003000000004, -2.2400049999999965, 0.10000600000000759, -0.15000900000001138, 12-12-2016
1.2599950000000035, -0.15000900000001138, 0.8100120000000004, 0.11000100000001112, 12-13-2016
1.8000030000000038, 0.11000100000001112, -1.3500060000000076, 1.0800020000000075, 12-14-2016
2.6900019999999927, 1.0800020000000075, 0.02999900000000366, -0.3000030000000038, 12-15-2016
1.6499939999999924, -0.3000030000000038, -0.05999800000000732, -0.2899930000000097, 12-16-2016
1.0400080000000003, -0.2899930000000097, 0.2699890000000096, 0.16000299999998902, 12-17-2016
1.1299899999999923, 0.16000299999998902, 0.14999400000002083, -1.099991000000017, 12-18-2016
1.7400049999999965, -1.099991000000017, -0.16999799999999254, 0.5800020000000075, 12-19-2016
0.9900049999999965, 0.5800020000000075, -0.1600040000000149, -0.4499969999999962, 12-20-2016
